id_revision,vehiculo,presion,unidad,tipo_vehiculo
REV-0001,Audi A4 2024,2.48,bar,Deportivo
REV-0002,Toyota Corolla 2023,1.23,bar,Sedán
REV-0003,Nissan Sentra 2024,46.1,PSI,Lujo
REV-0004,KIA Sportage 2023,30.19,PSI,Lujo
REV-0005,Hyundai Tucson 2024,3.35,bar,Pickup
REV-0006,Mercedes C300 2023,50.44,PSI,Pickup
REV-0007,BMW Serie 3 2024,3.1,bar,Lujo
REV-0008,RAM 1500 2023,20.06,PSI,Deportivo
REV-0009,Nissan Frontier 2023,2.71,bar,SUV
REV-0010,Chevrolet Silverado 2024,1.72,bar,SUV
REV-0011,Mazda CX-5 2023,38.96,PSI,Minivan
REV-0012,VW Tiguan 2024,29.34,PSI,Sedán
REV-0013,Toyota Hilux 2024,1.89,bar,Lujo
REV-0014,Mazda 3 2024,3.41,bar,Deportivo,dato_extra,72
REV-0015,Toyota RAV4 2024,40.6,PSI,Lujo
REV-0016,Hyundai Tucson 2024,27.19,PSI,Sedán
REV-0017,RAM 1500 2023,2.47,bar,Pickup
REV-0018,Toyota Hilux 2024,2.05,bar,Minivan

REV-0020,VW Jetta 2023,2.84,bar,SUV
REV-0021,Nissan Sentra 2024,54.23,PSI,Pickup
REV-0022,Chevrolet Aveo 2022,27.78,PSI,SUV
REV-0023,VW Tiguan 2024,41.08,PSI,Deportivo
REV-0024,Jeep Wrangler 2022,42.11,PSI,Minivan
REV-0025,Mazda 3 2024,3.79,bar,Sedán
REV-0026,VW Jetta 2023,32.74,PSI,Deportivo
REV-0027,Subaru Outback 2024,3.51,bar,Compacto
REV-0028,Jeep Wrangler 2022,3.63,bar,Deportivo
REV-0029,Subaru Outback 2024,3.15,bar,SUV,dato_extra,20
REV-0030,Hyundai Tucson 2024,2.52,bar,Sedán
REV-0031,Mazda CX-5 2023,27.7,PSI,Deportivo
REV-0032,Ford Escape 2023,2.05,bar,Minivan
REV-0033,Suzuki Vitara 2023,3.79,bar,Sedán
REV-0034,Nissan Sentra 2024,null,PSI,Compacto
REV-0035,Chevrolet Aveo 2022,45.48,PSI,Minivan
REV-0036,Chevrolet Silverado 2024,3.35,bar,Minivan
REV-0037,KIA Sportage 2023,51.81,PSI,Deportivo
REV-0038,Mercedes C300 2023,3.76,bar,Sedán
REV-0039,Suzuki Vitara 2023,2.57,bar,Sedán
REV-0040,Ford Escape 2023,44.45,PSI,Compacto
REV-0041,VW Jetta 2023,2.07,bar,Camioneta

REV-0043,Subaru Outback 2024,44.87,PSI,Minivan
REV-0044,Subaru Outback 2024,1.36,bar,Minivan,dato_extra,54
REV-0045,VW Tiguan 2024,38.95,PSI,Compacto
REV-0046,Nissan Frontier 2023,2.81,bar,Deportivo
REV-0047,KIA Sportage 2023,29.45,PSI,Lujo
REV-0048,RAM 1500 2023,3.34,bar,Camioneta
REV-0049,Jeep Wrangler 2022,2.83,bar,Sedán

REV-0051,Suzuki Vitara 2023,3.38,bar,Camioneta
REV-0052,VW Tiguan 2024,2.14,bar,Minivan
REV-0053,Suzuki Vitara 2023,2.15,bar,Sedán
REV-0054,RAM 1500 2023,2.68,bar,Pickup
REV-0055,Chevrolet Aveo 2022,18.56,PSI,Compacto
REV-0056,RAM 1500 2023,1.89,bar,Compacto
REV-0057,Nissan Frontier 2023,18.09,PSI,Lujo
REV-0058,Suzuki Vitara 2023,18.43,PSI,SUV
REV-0059,Ford Escape 2023,52.44,PSI,Compacto
REV-0060,Subaru Outback 2024,2.16,bar,Camioneta
REV-0061,BMW Serie 3 2024,1.89,bar,Deportivo
REV-0062,Nissan Sentra 2024,1.63,bar,Lujo
REV-0063,Honda Civic 2022,3.13,bar,Compacto
REV-0064,Audi A4 2024,2.21,bar,Lujo
REV-0065,BMW Serie 3 2024,3.78,bar,Lujo
REV-0066,Nissan Sentra 2024,31.0,PSI,SUV
REV-0067,Chevrolet Silverado 2024,2.94,bar,Compacto
REV-0068,Honda CR-V 2023,3.34,bar,Compacto
REV-0069,Jeep Wrangler 2022,2.45,bar,Camioneta
REV-0070,Subaru Outback 2024,31.88,PSI,Sedán
REV-0071,RAM 1500 2023,51.71,PSI,Minivan
REV-0072,KIA Sportage 2023,3.5,bar,Camioneta
REV-0073,Chevrolet Aveo 2022,52.98,PSI,Lujo
REV-0074,Suzuki Vitara 2023,3.1,bar,Camioneta
REV-0075,BMW Serie 3 2024,2.83,bar,Pickup
REV-0076,Ford Ranger 2023,25.42,PSI,Deportivo
REV-0077,Suzuki Vitara 2023,40.72,PSI,Deportivo
REV-0078,Ford Escape 2023,1.23,bar,Sedán
REV-0079,Mazda 3 2024,37.87,PSI,Sedán
REV-0080,RAM 1500 2023,52.73,PSI,Deportivo
REV-0081,Audi A4 2024,40.1,?,Sedán
REV-0082,Nissan Sentra 2024,18.76,PSI,Minivan
REV-0083,Mercedes C300 2023,1.36,bar,Sedán
REV-0084,Toyota Corolla 2023,1.22,bar,Compacto
REV-0085,BMW Serie 3 2024,43.2,PSI,Minivan
REV-0086,KIA Sportage 2023,22.69,PSI,Pickup
REV-0087,Toyota Hilux 2024,2.54,bar
REV-0088,Chevrolet Silverado 2024,2.54,bar,Sedán
REV-0089,KIA Sportage 2023,41.4,PSI,Camioneta
REV-0090,Toyota Hilux 2024,2.93,bar,Sedán
REV-0091,Honda Civic 2022,3.52,bar,Sedán
REV-0092,Honda Civic 2022,22.79,PSI,Deportivo
REV-0093,Honda CR-V 2023,1.58,bar,Lujo
REV-0094,KIA Sportage 2023,2.04,bar,Sedán
REV-0095,KIA Sportage 2023,2.75,bar,Pickup
REV-0096,Nissan Frontier 2023,1.82,bar,Lujo
REV-0097,Suzuki Vitara 2023,48.7,PSI,Camioneta
REV-0098,Jeep Wrangler 2022,19.17,PSI,Lujo
REV-0099,Toyota RAV4 2024,40.96,PSI,Camioneta
REV-0100,Honda Civic 2022,1.77,bar,Compacto
REV-0101,Subaru Outback 2024,49.78,PSI,Minivan
REV-0102,Mazda 3 2024,2.38,bar,Camioneta
REV-0103,BMW Serie 3 2024,1.68,bar,Pickup
REV-0104,Audi A4 2024,2.33,bar,Pickup
REV-0105,VW Tiguan 2024,48.2,PSI,Deportivo
REV-0106,RAM 1500 2023,53.4,PSI,Minivan
REV-0107,Honda CR-V 2023,42.3,PSI,Deportivo
REV-0108,Mazda 3 2024,28.0,PSI,Sedán
REV-0109,VW Tiguan 2024,3.06,bar,Compacto
REV-0110,Mazda 3 2024,33.54,PSI,SUV
REV-0111,Mazda 3 2024,43.8,PSI,Compacto
REV-0112,Hyundai Tucson 2024,3.38,bar,Deportivo
REV-0113,Ford Escape 2023,3.49,bar,Pickup
REV-0114,Audi A4 2024,1.85,bar,Camioneta
REV-0115,VW Jetta 2023,3.51,bar,Pickup
REV-0116,Nissan Sentra 2024,43.05,PSI,Minivan
REV-0117,RAM 1500 2023,37.19,PSI,Minivan
REV-0118,RAM 1500 2023,18.1,PSI,Pickup
REV-0119,RAM 1500 2023,1.84,bar,Compacto
REV-0120,Mercedes C300 2023,2.02,bar,Sedán
REV-0121,BMW Serie 3 2024,3.47,bar,SUV
REV-0122,Audi A4 2024,N/A,PSI,Compacto
REV-0123,Mazda 3 2024,38.43,PSI,Lujo
REV-0124,Honda Civic 2022,22.31,PSI,Camioneta
REV-0125,Toyota Hilux 2024,3.07,bar,Sedán
REV-0126,Subaru Outback 2024,54.44,PSI,SUV
REV-0127,Ford Escape 2023,38.52,PSI,Compacto
REV-0128,Mercedes C300 2023,50.49,PSI,Camioneta
REV-0129,Mercedes C300 2023,2.18,bar,Sedán
REV-0130,Jeep Wrangler 2022,2.66,bar,Minivan
REV-0131,Toyota Hilux 2024,18.97,PSI,Pickup
REV-0132,RAM 1500 2023,2.42,bar,Pickup
REV-0133,Chevrolet Aveo 2022,3.31,bar,SUV
REV-0134,VW Jetta 2023,1.91,bar,Pickup
REV-0135,Ford Ranger 2023,33.62,PSI,Lujo,dato_extra,24
REV-0136,BMW Serie 3 2024,29.64,PSI,Lujo

REV-0138,Chevrolet Aveo 2022,3.03,bar,Pickup
REV-0139,Jeep Wrangler 2022,19.67,PSI,SUV
REV-0140,Hyundai Tucson 2024,2.32,bar,Camioneta
REV-0141,Mazda 3 2024,22.74,PSI,Compacto
REV-0142,KIA Sportage 2023,2.46,bar,Lujo
REV-0143,Jeep Wrangler 2022,N/A,bar,Deportivo
REV-0144,Subaru Outback 2024,18.23,PSI,Camioneta
REV-0145,Chevrolet Silverado 2024,39.17,PSI,Camioneta
REV-0146,Honda Civic 2022,2.01,bar,Pickup
REV-0147,BMW Serie 3 2024,2.81,bar,Compacto
REV-0148,Mazda CX-5 2023,54.98,PSI,SUV
REV-0149,BMW Serie 3 2024,2.51,bar,Lujo
REV-0150,Mercedes C300 2023,42.28,PSI,Minivan
REV-0151,Honda CR-V 2023,3.11,bar,Camioneta
REV-0152,Toyota RAV4 2024,3.39,bar,SUV
REV-0153,Honda CR-V 2023,46.71,PSI,Pickup
REV-0154,Nissan Sentra 2024,3.72,bar,Minivan
REV-0155,Nissan Sentra 2024,1.79,bar,Pickup
REV-0156,VW Jetta 2023,54.25,PSI,Camioneta
REV-0157,Jeep Wrangler 2022,20.93,PSI,SUV
REV-0158,Suzuki Vitara 2023,41.32,PSI,SUV
REV-0159,Nissan Sentra 2024,18.48,PSI,Compacto
REV-0160,Toyota Hilux 2024,35.36,PSI,Deportivo
REV-0161,Toyota Hilux 2024,52.46,PSI,Deportivo
REV-0162,Toyota Hilux 2024,24.68,PSI,Camioneta
REV-0163,KIA Sportage 2023,null,PSI,Compacto
REV-0164,Jeep Wrangler 2022,1.96,bar,Minivan
REV-0165,Subaru Outback 2024,2.0,bar,Lujo
REV-0166,Mercedes C300 2023,45.87,PSI,Minivan
REV-0167,Toyota RAV4 2024,2.14,bar,Deportivo
REV-0168,Nissan Frontier 2023,30.55,PSI,Compacto
REV-0169,Ford Escape 2023,45.36,PSI,Sedán
REV-0170,Toyota RAV4 2024,1.22,bar,Sedán
REV-0171,Toyota Corolla 2023,19.78,PSI,Pickup
REV-0172,Audi A4 2024,48.02,PSI,Compacto
REV-0173,BMW Serie 3 2024,2.49,bar,Sedán
REV-0174,Jeep Wrangler 2022,53.27,PSI,Deportivo

REV-0176,Honda Civic 2022,53.48,PSI,Pickup
REV-0177,Subaru Outback 2024,3.14,bar,Deportivo
REV-0178,Toyota RAV4 2024,3.23,bar,Camioneta
REV-0179,KIA Sportage 2023,34.83,PSI,SUV
REV-0180,RAM 1500 2023,37.74,PSI,Lujo
REV-0181,Suzuki Vitara 2023,52.25,PSI,Compacto
REV-0182,BMW Serie 3 2024,3.3,bar,SUV
REV-0183,Subaru Outback 2024,3.18,bar,Sedán
REV-0184,Toyota Corolla 2023,2.63,bar,Lujo
REV-0185,BMW Serie 3 2024,39.8,PSI,Deportivo
REV-0186,Toyota Corolla 2023,31.61,PSI,Deportivo
REV-0187,Suzuki Vitara 2023,1.31,bar,Compacto
REV-0188,Honda CR-V 2023,3.36,bar,Lujo
REV-0189,Chevrolet Silverado 2024,27.62,PSI,SUV
REV-0190,Chevrolet Aveo 2022,2.78,bar,Camioneta
REV-0191,Ford Escape 2023,2.14,bar,Lujo
REV-0192,Mazda 3 2024,34.39,PSI,Compacto
REV-0193,Jeep Wrangler 2022,46.85,PSI,Compacto
REV-0194,VW Jetta 2023,44.85,PSI,Pickup
REV-0195,KIA Sportage 2023,2.04,bar,Camioneta
REV-0196,BMW Serie 3 2024,34.32,PSI,Sedán
REV-0197,VW Tiguan 2024,2.46,bar,Compacto
REV-0198,Hyundai Tucson 2024,47.39,PSI,Compacto
REV-0199,Chevrolet Silverado 2024,47.72,PSI,Lujo
REV-0200,Mazda 3 2024,2.41,bar,Camioneta
REV-0201,Honda CR-V 2023,33.24,PSI,Lujo
REV-0202,Ford Escape 2023,--,bar,Deportivo
REV-0203,Subaru Outback 2024,51.05,PSI,Camioneta
REV-0204,Nissan Sentra 2024,37.11,PSI,Compacto
REV-0205,Toyota Corolla 2023,2.29,bar,SUV
REV-0206,VW Tiguan 2024,40.17,PSI,Lujo
REV-0207,Mazda CX-5 2023,21.39,PSI,Compacto
REV-0208,Hyundai Tucson 2024,1.37,bar,Pickup
REV-0209,Ford Escape 2023,2.8,bar,Camioneta
REV-0210,VW Jetta 2023,51.95,PSI,Minivan
REV-0211,RAM 1500 2023,2.14,bar,Deportivo
REV-0212,Hyundai Tucson 2024,2.31,bar,Compacto
REV-0213,Mazda 3 2024,3.11,bar,Sedán
REV-0214,Jeep Wrangler 2022,1.82,bar,Deportivo
REV-0215,VW Tiguan 2024,3.77,bar,SUV
REV-0216,Chevrolet Silverado 2024,26.27,PSI,Camioneta
REV-0217,Mazda 3 2024,2.56,bar,Camioneta
REV-0218,Subaru Outback 2024,29.92,PSI,SUV
REV-0219,Subaru Outback 2024,43.16,PSI,Compacto
REV-0220,Toyota Corolla 2023,50.52,PSI,Camioneta
REV-0221,Chevrolet Silverado 2024,54.25,PSI,SUV
REV-0222,Nissan Frontier 2023,23.02,PSI,Minivan
REV-0223,Jeep Wrangler 2022,23.1,PSI,Pickup
REV-0224,Ford Ranger 2023,3.28,bar,Pickup,dato_extra,84
REV-0225,Toyota Hilux 2024,1.82,bar,SUV
REV-0226,Toyota RAV4 2024,2.91,bar,Camioneta
REV-0227,Suzuki Vitara 2023,2.48,bar,Sedán
REV-0228,Honda CR-V 2023,31.57,PSI,Minivan
REV-0229,KIA Sportage 2023,37.75,PSI,Sedán
REV-0230,RAM 1500 2023,50.31,PSI,Lujo
REV-0231,Ford Ranger 2023,3.31,bar,Lujo
REV-0232,BMW Serie 3 2024,34.04,PSI,Pickup
REV-0233,Mazda CX-5 2023,2.56
REV-0234,Ford Escape 2023,24.73,PSI,Camioneta
REV-0235,Nissan Sentra 2024,2.53,bar,Compacto
REV-0236,Ford Ranger 2023,24.72,PSI,Camioneta
REV-0237,Honda CR-V 2023,43.88,PSI,Pickup
REV-0238,Audi A4 2024,2.8,bar,Minivan
REV-0239,Mercedes C300 2023,50.57,PSI,Minivan
REV-0240,Honda CR-V 2023,30.69,PSI,Minivan
REV-0241,BMW Serie 3 2024,2.84,bar,Compacto
REV-0242,Ford Ranger 2023,51.37
REV-0243,Ford Escape 2023,2.89,bar,Deportivo
REV-0244,BMW Serie 3 2024,26.05
REV-0245,Toyota RAV4 2024,3.13,bar,Lujo
REV-0246,Toyota RAV4 2024,45.86,PSI,Compacto
REV-0247,Subaru Outback 2024,2.86,bar,Pickup
REV-0248,Suzuki Vitara 2023,3.7,bar,Lujo
REV-0249,Mazda 3 2024,2.36,bar,Compacto
REV-0250,Toyota RAV4 2024,19.54,PSI,Lujo
REV-0251,Hyundai Tucson 2024,36.78,PSI,SUV
REV-0252,Jeep Wrangler 2022,2.95,bar,Minivan
REV-0253,Hyundai Tucson 2024,41.16,PSI,Deportivo
REV-0254,VW Tiguan 2024,3.02,bar,Camioneta
REV-0255,Mazda 3 2024,25.02,PSI,Deportivo
REV-0256,KIA Sportage 2023,46.45,PSI,Compacto
REV-0257,Toyota Hilux 2024,1.53,bar,Compacto
REV-0258,Honda Civic 2022,3.18,bar,Camioneta
REV-0259,VW Jetta 2023,1.41,bar,Lujo
REV-0260,Hyundai Tucson 2024,26.48,PSI,SUV
REV-0261,Toyota Hilux 2024,25.68,PSI,Deportivo
REV-0262,Subaru Outback 2024,27.08,PSI,Sedán
REV-0263,VW Tiguan 2024,3.78,bar,Lujo
REV-0264,Toyota Corolla 2023,47.32,PSI,Compacto
REV-0265,Toyota Corolla 2023,40.33,PSI,Camioneta
REV-0266,Mazda CX-5 2023,1.88,bar,Pickup
REV-0267,Toyota Corolla 2023,1.56,bar,Sedán
REV-0268,Mercedes C300 2023,3.55,bar,Lujo
REV-0269,Ford Ranger 2023,2.63,bar,Minivan
REV-0270,Chevrolet Silverado 2024,2.07,bar,Pickup
REV-0271,Audi A4 2024,2.52,bar,Compacto
REV-0272,Chevrolet Aveo 2022,44.45,PSI,Sedán
REV-0273,KIA Sportage 2023,37.94,PSI,Camioneta
REV-0274,Toyota RAV4 2024,3.52,bar,Pickup
REV-0275,RAM 1500 2023,21.21,PSI,Deportivo
REV-0276,Mazda 3 2024,2.15,bar,Camioneta
REV-0277,BMW Serie 3 2024,1.54,bar,Deportivo
REV-0278,VW Tiguan 2024,3.32,bar,Camioneta
REV-0279,Ford Ranger 2023,1.93,bar,Lujo
REV-0280,Honda CR-V 2023,2.92,bar,Minivan
REV-0281,Toyota Hilux 2024,28.68,PSI,Minivan
REV-0282,Mercedes C300 2023,35.96,K,Deportivo
REV-0283,KIA Sportage 2023,1.65,bar,Lujo
REV-0284,VW Jetta 2023,2.99,bar,SUV
REV-0285,Chevrolet Aveo 2022,2.05,bar,SUV
REV-0286,Toyota RAV4 2024,23.32,PSI,Compacto
REV-0287,Mazda 3 2024,3.03,bar,Pickup
REV-0288,Mazda CX-5 2023,45.52,PSI,Lujo
REV-0289,Ford Ranger 2023
REV-0290,Honda Civic 2022,26.26,PSI,Lujo
REV-0291,Nissan Frontier 2023,34.89,PSI,Minivan
REV-0292,Mercedes C300 2023,19.78,PSI,SUV
REV-0293,Ford Escape 2023,48.68,PSI,SUV
REV-0294,KIA Sportage 2023,24.14,PSI,Sedán
REV-0295,Jeep Wrangler 2022,33.5,PSI,Sedán
REV-0296,Chevrolet Silverado 2024,35.07,PSI,SUV
REV-0297,Audi A4 2024,53.07,K,Sedán
REV-0298,Honda CR-V 2023,2.6,bar,Pickup
REV-0299,Ford Escape 2023,46.19,PSI,Pickup
REV-0300,Ford Escape 2023,2.62,bar,Pickup
REV-0301,VW Jetta 2023,2.32,bar,SUV
REV-0302,Hyundai Tucson 2024,52.53,PSI,SUV
REV-0303,VW Jetta 2023,2.56,bar,Compacto
REV-0304,Hyundai Tucson 2024,1.33,bar,Pickup
REV-0305,Toyota RAV4 2024,1.96,bar,SUV
REV-0306,Honda Civic 2022,24.63,PSI,Deportivo
REV-0307,BMW Serie 3 2024,24.71,PSI,Pickup
REV-0308,Audi A4 2024,31.02,PSI,Sedán
REV-0309,Jeep Wrangler 2022,2.36,bar,Camioneta
REV-0310,Mazda CX-5 2023,error,PSI,Sedán
REV-0311,Toyota RAV4 2024,2.1,bar,Compacto
REV-0312,VW Jetta 2023,53.92,PSI,Lujo
REV-0313,Hyundai Tucson 2024,45.68
REV-0314,Hyundai Tucson 2024,49.37,PSI,SUV
REV-0315,Honda CR-V 2023,38.25,PSI,Minivan
REV-0316,Toyota Hilux 2024,31.04,PSI,Camioneta,dato_extra,45
REV-0317,Jeep Wrangler 2022,48.3,PSI,Minivan
REV-0318,Subaru Outback 2024,40.36,PSI,Compacto
REV-0319,Toyota Hilux 2024,37.25,PSI,Minivan
REV-0320,Mercedes C300 2023,49.22,PSI,Deportivo
REV-0321,BMW Serie 3 2024,--,bar,Compacto
REV-0322,BMW Serie 3 2024,2.32,bar,Lujo
REV-0323,Suzuki Vitara 2023,24.08,PSI,Sedán
REV-0324,Ford Ranger 2023,2.21,bar,Pickup
REV-0325,Chevrolet Aveo 2022,3.38,bar,Pickup
REV-0326,Audi A4 2024,40.23,PSI,Minivan
REV-0327,VW Jetta 2023,23.64,PSI,Minivan
REV-0328,VW Jetta 2023,1.75,bar,Camioneta
REV-0329,Hyundai Tucson 2024,53.93,PSI,SUV
REV-0330,Jeep Wrangler 2022,2.91,bar,Camioneta
REV-0331,RAM 1500 2023,41.88,PSI,Pickup
REV-0332,Nissan Frontier 2023,45.97,PSI,Lujo
REV-0333,Audi A4 2024,40.84,PSI,Camioneta
REV-0334,Mercedes C300 2023,28.12,PSI,Sedán
REV-0335,Jeep Wrangler 2022,3.12,bar,Lujo
REV-0336,VW Jetta 2023,3.64,bar,Lujo
REV-0337,VW Tiguan 2024,2.97,bar,Minivan
REV-0338,Chevrolet Silverado 2024,45.33,?,Compacto
REV-0339,Nissan Sentra 2024,33.07,PSI,Sedán
REV-0340,BMW Serie 3 2024,2.16,bar,Compacto
REV-0341,RAM 1500 2023,1.57,bar,Pickup
REV-0342,Ford Escape 2023,23.79,PSI,Camioneta
REV-0343,Suzuki Vitara 2023,26.07,PSI,Compacto
REV-0344,Mercedes C300 2023,38.32,PSI,Deportivo
REV-0345,VW Jetta 2023,,PSI,Camioneta
REV-0346,Ford Escape 2023,3.01,bar,Deportivo
REV-0347,VW Jetta 2023,42.84,PSI,Compacto
REV-0348,Toyota Corolla 2023,2.25,bar,Sedán
REV-0349,Toyota RAV4 2024,27.21,PSI,Pickup
REV-0350,KIA Sportage 2023,20.55,PSI,Sedán
REV-0351,Mazda 3 2024,1.78,bar,Minivan
REV-0352,Chevrolet Silverado 2024,33.94,PSI,Pickup
REV-0353,BMW Serie 3 2024,51.25,PSI,Compacto
REV-0354,VW Jetta 2023,2.15,bar,Lujo
REV-0355,Honda Civic 2022,2.89,bar,Lujo
REV-0356,Toyota Corolla 2023,3.48,bar,Lujo
REV-0357,Toyota Corolla 2023,37.72,PSI,Sedán
REV-0358,Toyota Hilux 2024,41.52,PSI,Minivan
REV-0359,Suzuki Vitara 2023,2.54,bar,Sedán
REV-0360,Mercedes C300 2023,1.83,bar,Camioneta
REV-0361,Nissan Frontier 2023,1.84,bar,Minivan
REV-0362,Toyota RAV4 2024,24.62,PSI,Compacto
REV-0363,Jeep Wrangler 2022,1.99,bar,Compacto
REV-0364,Honda Civic 2022,1.53,bar,Deportivo
REV-0365,Subaru Outback 2024,2.92,bar,Sedán
REV-0366,Toyota Hilux 2024,19.16,PSI,Lujo
REV-0367,Ford Escape 2023,2.49,bar,Camioneta
REV-0368,Mazda 3 2024,1.82,bar,Camioneta
REV-0369,Toyota Corolla 2023,3.45,bar,Deportivo
REV-0370,Chevrolet Silverado 2024,49.87,PSI,Minivan
REV-0371,Audi A4 2024,1.93,bar,SUV
REV-0372,Subaru Outback 2024,1.45,bar,Lujo
REV-0373,Ford Ranger 2023,1.33,bar,Pickup
REV-0374,VW Jetta 2023,3.31,bar,Deportivo
REV-0375,BMW Serie 3 2024,3.34,bar,Camioneta
REV-0376,Ford Ranger 2023,1.27,bar,Lujo
REV-0377,Ford Ranger 2023,27.69,PSI,Lujo
REV-0378,Chevrolet Aveo 2022,30.15,ZZ,Compacto
REV-0379,Mazda 3 2024,error,PSI,SUV
REV-0380,Subaru Outback 2024,43.76,PSI,Camioneta
REV-0381,Ford Ranger 2023,3.02,bar,Lujo
REV-0382,Jeep Wrangler 2022,2.96,bar,Pickup
REV-0383,Mazda 3 2024,3.08,bar,Camioneta
REV-0384,KIA Sportage 2023,2.12,bar,SUV
REV-0385,Honda Civic 2022,1.75,bar,Camioneta
REV-0386,Audi A4 2024,51.05,PSI,Lujo
REV-0387,RAM 1500 2023,3.58,bar,Minivan

REV-0389,VW Jetta 2023,N/A,bar,Compacto
REV-0390,Ford Ranger 2023,48.54,PSI,Pickup
REV-0391,Chevrolet Silverado 2024,21.98,PSI,Deportivo
REV-0392,Suzuki Vitara 2023,32.33,PSI,SUV
REV-0393,KIA Sportage 2023,3.71,bar,SUV
REV-0394,Toyota RAV4 2024,40.33,PSI,Lujo
REV-0395,Nissan Frontier 2023,#REF!,PSI,Sedán
REV-0396,Jeep Wrangler 2022,36.95,PSI,Compacto
REV-0397,Toyota RAV4 2024,#REF!,bar,Minivan
REV-0398,Toyota RAV4 2024,3.4,bar,Compacto
REV-0399,Jeep Wrangler 2022,1.36,bar,Pickup
REV-0400,Toyota Corolla 2023,30.63,PSI,Lujo
REV-0401,Jeep Wrangler 2022,46.26,PSI,Pickup
REV-0402,Toyota RAV4 2024,1.94,bar,Pickup
REV-0403,Chevrolet Aveo 2022,3.61,bar,Pickup
REV-0404,VW Jetta 2023,29.87,PSI,Lujo
REV-0405,Mercedes C300 2023,1.34,bar,Pickup
REV-0406,Honda Civic 2022,2.77,bar,Compacto
REV-0407,Mercedes C300 2023,42.06,PSI,Lujo
REV-0408,Chevrolet Aveo 2022,1.27,bar,Pickup
REV-0409,Toyota RAV4 2024,1.49,bar
REV-0410,Suzuki Vitara 2023,35.59,PSI,Deportivo
REV-0411,Mercedes C300 2023,N/A,PSI,Deportivo
REV-0412,Subaru Outback 2024,N/A,bar,SUV
REV-0413,RAM 1500 2023,50.14,PSI,Sedán
REV-0414,VW Tiguan 2024,50.35,PSI,Deportivo
REV-0415,Nissan Frontier 2023,3.45,bar,Pickup
REV-0416,RAM 1500 2023,3.62
REV-0417,Toyota RAV4 2024,3.2,bar,SUV
REV-0418,Honda Civic 2022,2.47,bar,Camioneta
REV-0419,Nissan Frontier 2023,2.8,bar,Camioneta
REV-0420,Nissan Sentra 2024,18.41,PSI,Camioneta
REV-0421,Honda CR-V 2023,42.94,PSI,Minivan
REV-0422,Mazda 3 2024,2.43,bar,Lujo
REV-0423,Nissan Sentra 2024,1.55,bar,Sedán
REV-0424,Chevrolet Aveo 2022,2.54,bar,Sedán
REV-0425,Suzuki Vitara 2023,1.26,bar,Deportivo
REV-0426,KIA Sportage 2023,36.96,PSI,SUV
REV-0427,Chevrolet Silverado 2024,3.61,bar,Minivan

REV-0429,Audi A4 2024,2.19,bar,Camioneta
REV-0430,Nissan Frontier 2023,40.92,PSI,Pickup
REV-0431,Mercedes C300 2023,46.29,PSI,Lujo
REV-0432,BMW Serie 3 2024,1.95,bar,Camioneta
REV-0433,Hyundai Tucson 2024,36.42,PSI,Minivan
REV-0434,VW Jetta 2023,3.52,bar,Compacto
REV-0435,Jeep Wrangler 2022,3.49,bar,Pickup
REV-0436,Hyundai Tucson 2024,2.45,bar,Deportivo
REV-0437,Nissan Sentra 2024,3.43,bar,Lujo
REV-0438,Honda CR-V 2023,3.78,bar,SUV
REV-0439,Nissan Frontier 2023,30.61,PSI,Camioneta
REV-0440,Honda Civic 2022,23.69,PSI,Pickup
REV-0441,Ford Escape 2023,3.45,bar,Sedán
REV-0442,Toyota Corolla 2023,32.0,PSI,Sedán
REV-0443,VW Tiguan 2024,3.7,bar,Lujo
REV-0444,Honda CR-V 2023,2.24,bar,SUV

REV-0446,Jeep Wrangler 2022,3.5,bar,Deportivo
REV-0447,Chevrolet Aveo 2022,23.18,PSI,Deportivo
REV-0448,Honda Civic 2022,45.81,PSI,Pickup
REV-0449,Hyundai Tucson 2024,3.0,bar,SUV
REV-0450,Ford Ranger 2023,33.38,PSI,Compacto
REV-0451,Honda Civic 2022,1.73,bar,Compacto
REV-0452,Mazda 3 2024,2.18,bar,Pickup
REV-0453,VW Tiguan 2024,28.41,PSI,Deportivo
REV-0454,Honda Civic 2022,1.82,bar,Lujo
REV-0455,Ford Ranger 2023,23.38,PSI,Pickup
REV-0456,Honda CR-V 2023,1.7,bar,Compacto
REV-0457,Chevrolet Aveo 2022
REV-0458,Mercedes C300 2023,2.23,bar,Sedán
REV-0459,Toyota Hilux 2024,24.2,PSI,Deportivo
REV-0460,Suzuki Vitara 2023,3.07,bar,Pickup
REV-0461,Subaru Outback 2024,N/A,bar,Camioneta
REV-0462,Suzuki Vitara 2023,2.86,bar,SUV
REV-0463,Toyota Corolla 2023,31.51,PSI,Pickup
REV-0464,Nissan Frontier 2023,3.72,bar,Compacto
REV-0465,BMW Serie 3 2024,2.57,bar,SUV
REV-0466,Nissan Sentra 2024,38.64,PSI,Camioneta
REV-0467,RAM 1500 2023,35.58,PSI,Minivan
REV-0468,RAM 1500 2023,1.47,bar,Pickup
REV-0469,Hyundai Tucson 2024,32.12,PSI,SUV
REV-0470,Toyota Corolla 2023,1.86,bar,Sedán
REV-0471,VW Tiguan 2024,35.13,PSI,Deportivo
REV-0472,Toyota RAV4 2024,40.99,PSI,Deportivo
REV-0473,KIA Sportage 2023,2.05,bar,Deportivo
REV-0474,Chevrolet Aveo 2022,36.94,PSI,Deportivo
REV-0475,Chevrolet Aveo 2022,1.59,bar,Camioneta
REV-0476,Honda CR-V 2023,34.64,PSI,Compacto
REV-0477,Nissan Sentra 2024,40.53,PSI,Pickup
REV-0478,VW Tiguan 2024,1.7,bar,Sedán
REV-0479,Jeep Wrangler 2022,3.09,bar,Minivan
REV-0480,Honda Civic 2022,45.81,PSI,Sedán
REV-0481,Nissan Sentra 2024,2.46,bar,Camioneta
REV-0482,Chevrolet Silverado 2024,39.75,PSI,SUV
REV-0483,Chevrolet Aveo 2022,18.62,PSI,Camioneta
REV-0484,Jeep Wrangler 2022,45.87,PSI,Camioneta
REV-0485,Subaru Outback 2024,30.77,PSI,Lujo
REV-0486,Mercedes C300 2023,20.51,PSI,Deportivo
REV-0487,Jeep Wrangler 2022,50.23,PSI,Minivan
REV-0488,Audi A4 2024,21.37,PSI,Minivan
REV-0489,Chevrolet Silverado 2024,1.23,bar,Lujo
REV-0490,Nissan Frontier 2023,40.53,PSI,Lujo
REV-0491,VW Tiguan 2024,19.49,PSI,Deportivo
REV-0492,Toyota Corolla 2023,3.46,bar,SUV
REV-0493,Mazda 3 2024,47.99,PSI,Pickup
REV-0494,Ford Ranger 2023,47.45,PSI,SUV
REV-0495,BMW Serie 3 2024,26.79,PSI,Pickup
REV-0496,Suzuki Vitara 2023,46.59,PSI,Minivan
REV-0497,Suzuki Vitara 2023,2.23,bar,Sedán
REV-0498,VW Tiguan 2024,31.08,X,Minivan
REV-0499,VW Tiguan 2024,3.31,bar,Lujo
REV-0500,Toyota Hilux 2024,3.45,bar,Compacto
REV-0501,RAM 1500 2023,35.86,PSI,Pickup
REV-0502,Chevrolet Silverado 2024,2.34,bar,SUV
REV-0503,Nissan Frontier 2023,3.37,bar,Camioneta
REV-0504,Honda CR-V 2023,3.71,bar,Camioneta
REV-0505,Suzuki Vitara 2023,23.37,PSI,Pickup
REV-0506,Nissan Sentra 2024,25.91,PSI,Lujo
REV-0507,Audi A4 2024,49.43,PSI,Sedán
REV-0508,Honda CR-V 2023,42.46,PSI,Lujo
REV-0509,Nissan Sentra 2024,53.38,PSI,Compacto
REV-0510,Ford Escape 2023,1.5,bar,Deportivo
REV-0511,Ford Ranger 2023,3.01,bar,Deportivo
REV-0512,Toyota RAV4 2024,1.78,bar,Sedán
REV-0513,BMW Serie 3 2024,3.04,bar,SUV
REV-0514,Nissan Sentra 2024,45.31,PSI,Minivan

REV-0516,Toyota RAV4 2024,35.85,PSI,Compacto
REV-0517,Jeep Wrangler 2022,1.5,bar,Camioneta
REV-0518,BMW Serie 3 2024,2.42,bar,Camioneta
REV-0519,Honda Civic 2022,53.39,PSI,Camioneta
REV-0520,RAM 1500 2023,3.73,bar
REV-0521,Nissan Frontier 2023,19.9,PSI,Camioneta
REV-0522,Ford Ranger 2023,2.15,bar,Sedán
REV-0523,Nissan Sentra 2024,48.44,PSI,Minivan
REV-0524,Ford Escape 2023,51.07,PSI,Compacto
REV-0525,Jeep Wrangler 2022,36.22,PSI,Deportivo
REV-0526,Honda Civic 2022,1.98,bar,SUV
REV-0527,BMW Serie 3 2024,1.82,bar,Compacto
REV-0528,Mazda 3 2024,18.37,PSI,Deportivo
REV-0529,RAM 1500 2023,32.92,PSI,Minivan
REV-0530,Audi A4 2024,1.81,bar,SUV
REV-0531,RAM 1500 2023,43.23,PSI,Deportivo
REV-0532,Honda CR-V 2023,2.1,bar,Camioneta
REV-0533,KIA Sportage 2023,18.86,PSI,SUV
REV-0534,VW Tiguan 2024,1.23,bar,Camioneta
REV-0535,Chevrolet Silverado 2024,26.33,PSI,Lujo
REV-0536,VW Tiguan 2024,31.59,PSI,Camioneta
REV-0537,BMW Serie 3 2024,33.42,PSI,Pickup
REV-0538,BMW Serie 3 2024,32.16,PSI,Compacto
REV-0539,Subaru Outback 2024,3.67,bar,Pickup
REV-0540,Mazda CX-5 2023,1.33,ZZ,Deportivo

REV-0542,Toyota Hilux 2024,3.27,bar,Compacto
REV-0543,Jeep Wrangler 2022,1.3,bar,Deportivo
REV-0544,Mazda CX-5 2023,54.83,PSI,Minivan
REV-0545,KIA Sportage 2023,3.13,bar,Minivan
REV-0546,RAM 1500 2023,1.85,bar,Minivan
REV-0547,VW Tiguan 2024,1.62,bar,Camioneta

REV-0549,VW Tiguan 2024,35.52,PSI,Camioneta
REV-0550,Nissan Frontier 2023,3.12,bar,SUV
REV-0551,Toyota Hilux 2024,2.94,bar,Sedán
REV-0552,Honda CR-V 2023,43.75,PSI,Lujo
REV-0553,Mercedes C300 2023,3.03,bar,Minivan
REV-0554,BMW Serie 3 2024,35.13,PSI,Compacto
REV-0555,Mazda CX-5 2023,21.01,PSI,Deportivo
REV-0556,Audi A4 2024,19.69,PSI,Deportivo
REV-0557,Mazda 3 2024,45.46,PSI,Camioneta
REV-0558,Honda CR-V 2023,3.79,bar,Sedán
REV-0559,Mazda 3 2024,2.24,bar,Lujo
REV-0560,BMW Serie 3 2024,21.51,ZZ,Lujo
REV-0561,BMW Serie 3 2024,2.84,bar,Sedán
REV-0562,Ford Ranger 2023,2.16,bar,Camioneta
REV-0563,Jeep Wrangler 2022,23.3,PSI,Camioneta
REV-0564,Honda Civic 2022,31.07,PSI,Compacto
REV-0565,Mazda 3 2024,3.03,bar,SUV
REV-0566,Mercedes C300 2023,27.39,PSI,Lujo
REV-0567,Toyota Corolla 2023,2.58,bar,Camioneta
REV-0568,VW Tiguan 2024,21.56,PSI,Minivan
REV-0569,Mercedes C300 2023,3.05,bar,Compacto
REV-0570,Ford Ranger 2023,3.09,bar,Deportivo
REV-0571,Hyundai Tucson 2024,2.63,bar,Lujo
REV-0572,Ford Ranger 2023,1.55,bar,Pickup
REV-0573,Toyota RAV4 2024,49.03,PSI,Sedán
REV-0574,Ford Escape 2023,1.22,bar,Minivan
REV-0575,Suzuki Vitara 2023,46.36
REV-0576,Nissan Frontier 2023,54.16,PSI,Minivan
REV-0577,RAM 1500 2023,40.83,PSI,Minivan
REV-0578,Suzuki Vitara 2023,2.48,bar,Deportivo
REV-0579,Subaru Outback 2024,2.15,bar,Minivan
REV-0580,Nissan Sentra 2024,3.43,bar,SUV
REV-0581,Subaru Outback 2024,3.21,bar,Lujo
REV-0582,Nissan Frontier 2023,2.79,bar,Camioneta
REV-0583,Toyota Corolla 2023,22.31,PSI,Compacto
REV-0584,Chevrolet Silverado 2024,1.44,bar,Sedán
REV-0585,Suzuki Vitara 2023,24.89,PSI,Pickup
REV-0586,Hyundai Tucson 2024,2.48,bar,Pickup
REV-0587,Honda CR-V 2023,1.67,bar,Lujo
REV-0588,Mercedes C300 2023,36.53,PSI,Sedán
REV-0589,VW Tiguan 2024,3.14,bar,Pickup
REV-0590,Suzuki Vitara 2023,35.49,PSI,Lujo
REV-0591,Suzuki Vitara 2023,3.42,bar,Camioneta
REV-0592,Suzuki Vitara 2023,32.08,PSI,Compacto
REV-0593,KIA Sportage 2023,3.61,bar,Sedán
REV-0594,Mazda 3 2024,1.61,bar,SUV
REV-0595,Nissan Frontier 2023,3.07,bar,Lujo
REV-0596,Nissan Frontier 2023,2.2,bar,Deportivo
REV-0597,Suzuki Vitara 2023,2.08,bar,Minivan
REV-0598,Chevrolet Aveo 2022,39.2,PSI,Compacto
REV-0599,Mazda CX-5 2023,27.97,?,Deportivo
REV-0600,Ford Escape 2023,2.96,bar,Pickup
REV-0601,Honda CR-V 2023,43.77,PSI,Lujo
REV-0602,RAM 1500 2023,2.65,bar,Pickup
REV-0603,VW Jetta 2023,49.41,PSI,Camioneta
REV-0604,RAM 1500 2023,31.05,PSI,Deportivo
REV-0605,Honda Civic 2022,1.82,bar,Compacto
REV-0606,Subaru Outback 2024,47.41,PSI,Deportivo
REV-0607,Toyota RAV4 2024,25.67,PSI,Pickup
REV-0608,Chevrolet Aveo 2022,40.68,PSI,Lujo
REV-0609,KIA Sportage 2023,42.12,PSI,Camioneta
REV-0610,Ford Escape 2023,35.12,PSI,Sedán
REV-0611,Chevrolet Aveo 2022,2.56,bar,Sedán
REV-0612,Nissan Sentra 2024,48.49,PSI,Pickup
REV-0613,Audi A4 2024,45.02,PSI,Compacto
REV-0614,BMW Serie 3 2024,33.17,PSI,Lujo
REV-0615,Chevrolet Silverado 2024,3.6,bar,Pickup
REV-0616,Nissan Sentra 2024,27.21,PSI,Sedán
REV-0617,Toyota RAV4 2024,43.56,PSI,Camioneta
REV-0618,Toyota Hilux 2024,3.59,bar,Camioneta
REV-0619,RAM 1500 2023,1.96,bar,Compacto
REV-0620,Hyundai Tucson 2024,3.41,bar,Deportivo
REV-0621,BMW Serie 3 2024,19.59,PSI,Camioneta
REV-0622,VW Tiguan 2024,3.46,bar,Pickup
REV-0623,Honda CR-V 2023,30.36,PSI,Minivan
REV-0624,RAM 1500 2023,2.12,bar,Compacto
REV-0625,Jeep Wrangler 2022,1.32,bar,Pickup
REV-0626,Hyundai Tucson 2024,37.62,PSI,Lujo
REV-0627,Hyundai Tucson 2024,19.52,PSI,Deportivo
REV-0628,Nissan Frontier 2023,54.33,PSI,Compacto
REV-0629,Chevrolet Aveo 2022,26.77,PSI,Sedán
REV-0630,Nissan Sentra 2024,41.97,PSI,Sedán
REV-0631,BMW Serie 3 2024,32.21,PSI,Compacto
REV-0632,Hyundai Tucson 2024,error,bar,Camioneta
REV-0633,Toyota Hilux 2024,2.25,bar,Minivan
REV-0634,Jeep Wrangler 2022,43.14,PSI,Pickup
REV-0635,Ford Escape 2023,18.69,PSI,SUV
REV-0636,Chevrolet Aveo 2022,2.35,bar,SUV
REV-0637,Mazda 3 2024,2.57,bar,Sedán
REV-0638,Honda Civic 2022,2.41,bar,Pickup
REV-0639,Ford Ranger 2023,27.67,PSI,Lujo
REV-0640,Jeep Wrangler 2022,33.46,PSI,Minivan
REV-0641,Mazda CX-5 2023,1.86,bar,SUV
REV-0642,Ford Ranger 2023,28.08,PSI,Lujo
REV-0643,Ford Escape 2023,22.2,,Pickup
REV-0644,Mazda CX-5 2023,3.47,bar,Compacto
REV-0645,Honda Civic 2022,24.25,PSI,Lujo
REV-0646,Audi A4 2024,36.11,PSI,Camioneta
REV-0647,Chevrolet Aveo 2022,24.5,PSI,Deportivo
REV-0648,Nissan Frontier 2023,2.73,bar,Deportivo
REV-0649,Mazda 3 2024,3.6,bar,Deportivo
REV-0650,Mazda 3 2024,36.9,PSI,Camioneta
REV-0651,Subaru Outback 2024,32.24,PSI,Sedán
REV-0652,Chevrolet Aveo 2022,1.76,bar,Sedán,dato_extra,63
REV-0653,Ford Escape 2023,2.02,bar,Pickup
REV-0654,Mazda CX-5 2023,2.92,bar,Deportivo
REV-0655,Audi A4 2024,1.39,bar,Minivan
REV-0656,Ford Ranger 2023,2.31,bar,Sedán
REV-0657,Honda CR-V 2023,2.61,bar,Camioneta

REV-0659,VW Tiguan 2024,3.67,bar,Compacto
REV-0660,KIA Sportage 2023,1.41,bar,Minivan
REV-0661,Hyundai Tucson 2024,46.96,PSI,SUV
REV-0662,Jeep Wrangler 2022,3.04,bar,Compacto
REV-0663,Mazda CX-5 2023,3.56,bar,Lujo
REV-0664,BMW Serie 3 2024,21.12,PSI,Compacto
REV-0665,Jeep Wrangler 2022,39.29,PSI,Deportivo
REV-0666,Toyota Hilux 2024,31.74,PSI,Lujo
REV-0667,Toyota Hilux 2024,1.78,bar,Deportivo
REV-0668,Nissan Frontier 2023,19.13,PSI,Deportivo
REV-0669,Subaru Outback 2024,44.08,PSI,Camioneta
REV-0670,Ford Ranger 2023,1.9,bar,Minivan
REV-0671,Ford Escape 2023,34.95,PSI,Camioneta
REV-0672,Toyota RAV4 2024,50.6,PSI,SUV

REV-0674,VW Tiguan 2024,46.46,PSI,SUV
REV-0675,Jeep Wrangler 2022,27.79,PSI,Lujo
REV-0676,Mercedes C300 2023,1.34,bar,Lujo
REV-0677,Nissan Sentra 2024,36.02,PSI,Sedán
REV-0678,Chevrolet Silverado 2024,39.38,PSI,Deportivo
REV-0679,VW Tiguan 2024,29.89,PSI,SUV
REV-0680,Ford Escape 2023,43.02,PSI,Compacto
REV-0681,Subaru Outback 2024,2.55,bar,Minivan
REV-0682,Honda Civic 2022,20.85,PSI,Pickup
REV-0683,VW Jetta 2023,1.89,bar,Lujo
REV-0684,Toyota RAV4 2024,1.81,bar,Compacto
REV-0685,Ford Escape 2023,2.37,bar,Pickup

REV-0687,VW Tiguan 2024,44.27,PSI,SUV
REV-0688,BMW Serie 3 2024,3.59,bar,Lujo
REV-0689,Mazda CX-5 2023,2.69,bar,SUV
REV-0690,Honda CR-V 2023,1.84,bar,Pickup
REV-0691,Mazda CX-5 2023,3.76,bar,Pickup
REV-0692,Audi A4 2024,43.84,PSI,Lujo
REV-0693,Jeep Wrangler 2022,1.27,bar,Deportivo

REV-0695,Chevrolet Silverado 2024,18.55,PSI,Minivan
REV-0696,Chevrolet Aveo 2022,39.57,PSI,Sedán
REV-0697,Mazda 3 2024,3.03,bar,Pickup
REV-0698,Nissan Sentra 2024,1.75,bar,Compacto
REV-0699,Mazda CX-5 2023,45.7,PSI,SUV
REV-0700,Ford Ranger 2023,2.1,bar,Compacto
REV-0701,Suzuki Vitara 2023,18.19,PSI,SUV
REV-0702,Mercedes C300 2023,2.62,bar,Compacto
REV-0703,Ford Escape 2023,1.4,ZZ,Lujo
REV-0704,Toyota RAV4 2024,1.89,bar,Compacto
REV-0705,KIA Sportage 2023,37.06,PSI,SUV
REV-0706,Chevrolet Aveo 2022,19.59,PSI,Pickup
REV-0707,BMW Serie 3 2024,37.32,PSI,Deportivo
REV-0708,Mazda CX-5 2023,1.45,bar,SUV
REV-0709,Hyundai Tucson 2024,3.71,bar,Camioneta
REV-0710,Chevrolet Aveo 2022,2.86,bar,Lujo
REV-0711,Toyota Corolla 2023,54.15,PSI,Camioneta
REV-0712,Subaru Outback 2024,25.43,PSI,SUV
REV-0713,Mazda 3 2024,1.32,bar,Compacto
REV-0714,Mazda 3 2024,null,bar,Compacto
REV-0715,Audi A4 2024,2.39,bar,Camioneta
REV-0716,Honda Civic 2022,49.12,PSI,Minivan
REV-0717,Toyota RAV4 2024,19.09,PSI,Camioneta
REV-0718,Toyota Hilux 2024,2.53,bar,Camioneta
REV-0719,VW Jetta 2023,2.86,bar,Camioneta
REV-0720,Toyota RAV4 2024,43.75,PSI,Camioneta
REV-0721,Nissan Frontier 2023,3.42,bar,Minivan
REV-0722,Ford Ranger 2023,20.08,PSI,SUV
REV-0723,Nissan Sentra 2024,2.49,bar,Pickup
REV-0724,Jeep Wrangler 2022,2.12,bar,Sedán

REV-0726,Subaru Outback 2024,28.08,PSI,Lujo
REV-0727,VW Jetta 2023,40.05,PSI,Lujo
REV-0728,Nissan Sentra 2024,19.73,PSI,Deportivo
REV-0729,Jeep Wrangler 2022,3.4,bar,Camioneta
REV-0730,Toyota Hilux 2024,2.53,bar,Lujo
REV-0731,Toyota RAV4 2024,51.76,PSI,Minivan
REV-0732,Mazda CX-5 2023,52.09,PSI,Camioneta
REV-0733,Ford Ranger 2023,1.79,bar,Lujo
REV-0734,Ford Escape 2023,29.14,PSI,Sedán
REV-0735,BMW Serie 3 2024,42.62,PSI,Minivan
REV-0736,Honda CR-V 2023,2.4,bar,Camioneta
REV-0737,Hyundai Tucson 2024,1.76,bar,Sedán
REV-0738,Mercedes C300 2023,51.94,PSI,Camioneta
REV-0739,Nissan Frontier 2023,2.81,bar,Pickup
REV-0740,RAM 1500 2023,50.75,PSI,Compacto
REV-0741,Subaru Outback 2024,22.04,PSI,Sedán
REV-0742,Hyundai Tucson 2024,41.86,PSI,Lujo
REV-0743,Honda CR-V 2023,30.29,PSI,SUV
REV-0744,Suzuki Vitara 2023,3.23,bar,Compacto
REV-0745,RAM 1500 2023,1.24,bar,Deportivo
REV-0746,Chevrolet Aveo 2022,48.81,PSI,Deportivo
REV-0747,KIA Sportage 2023,3.5,bar,Compacto
REV-0748,Ford Escape 2023,43.19,PSI,SUV
REV-0749,Hyundai Tucson 2024,21.1,PSI,Camioneta
REV-0750,RAM 1500 2023,30.01,PSI,Camioneta
REV-0751,Jeep Wrangler 2022,21.07,PSI,Pickup
REV-0752,Audi A4 2024,23.62,PSI,Lujo
REV-0753,Subaru Outback 2024,2.5,bar,Lujo

REV-0755,Nissan Sentra 2024,2.14,bar,Lujo
REV-0756,Toyota Hilux 2024,18.57,PSI,Minivan,dato_extra,3
REV-0757,Ford Ranger 2023,30.11,PSI,Pickup
REV-0758,Suzuki Vitara 2023,49.14,PSI,SUV
REV-0759,Toyota RAV4 2024,3.6,bar,Lujo
REV-0760,Hyundai Tucson 2024,40.55,PSI,Minivan
REV-0761,Toyota Corolla 2023,1.97,bar,Compacto
REV-0762,BMW Serie 3 2024,18.62,PSI,Pickup
REV-0763,Subaru Outback 2024,18.51,PSI,Minivan
REV-0764,Toyota Corolla 2023,47.87,PSI,Pickup
REV-0765,Toyota Corolla 2023,31.91,PSI,Pickup
REV-0766,Chevrolet Aveo 2022,46.03,PSI,Lujo
REV-0767,Suzuki Vitara 2023,3.42,bar,Deportivo
REV-0768,Ford Ranger 2023,3.71,bar,Compacto
REV-0769,Audi A4 2024,28.06,PSI,Minivan
REV-0770,Honda Civic 2022,33.99,PSI,Compacto
REV-0771,RAM 1500 2023,2.28,bar,Pickup
REV-0772,Mazda 3 2024,34.01,PSI,Camioneta
REV-0773,Honda CR-V 2023,1.43,bar,Minivan
REV-0774,Jeep Wrangler 2022,24.55,PSI,Sedán
REV-0775,BMW Serie 3 2024,2.24,bar,Camioneta
REV-0776,Subaru Outback 2024,1.81,bar,Compacto
REV-0777,Suzuki Vitara 2023,2.52,bar
REV-0778,Honda CR-V 2023,2.99,bar,Deportivo
REV-0779,Hyundai Tucson 2024,51.8,PSI,Pickup
REV-0780,Mazda 3 2024,45.76,PSI,Compacto
REV-0781,Toyota Corolla 2023,20.17,PSI,Camioneta
REV-0782,Jeep Wrangler 2022,53.79,PSI,Sedán
REV-0783,Toyota RAV4 2024,3.74,bar,Camioneta
REV-0784,Chevrolet Silverado 2024,35.21,PSI,Camioneta
REV-0785,Toyota Hilux 2024,51.39,PSI,Minivan
REV-0786,BMW Serie 3 2024,3.67,bar,Camioneta
REV-0787,Mazda 3 2024,2.52,bar,Camioneta
REV-0788,Suzuki Vitara 2023,28.64,PSI,Minivan
REV-0789,Ford Ranger 2023,2.06,bar,SUV
REV-0790,Mazda 3 2024,37.08,PSI,Sedán
REV-0791,Mazda CX-5 2023,23.02,PSI,Minivan
REV-0792,Mazda CX-5 2023,3.71,bar,Lujo
REV-0793,RAM 1500 2023,31.07,PSI,Sedán
REV-0794,Nissan Sentra 2024,3.18,bar,Lujo,dato_extra,63
REV-0795,BMW Serie 3 2024,20.11,PSI,Pickup
REV-0796,Audi A4 2024,#REF!,bar,Deportivo
REV-0797,Chevrolet Aveo 2022,1.45,bar,Lujo
REV-0798,Honda Civic 2022,45.14,PSI,Lujo
REV-0799,Nissan Sentra 2024,37.55,PSI,Lujo
REV-0800,BMW Serie 3 2024,3.37,bar,Compacto
REV-0801,VW Tiguan 2024,36.69,PSI,Deportivo
REV-0802,Ford Ranger 2023,40.7,PSI,Pickup
REV-0803,Ford Escape 2023,52.05,PSI,Pickup
REV-0804,Chevrolet Silverado 2024,27.94,PSI,Sedán
REV-0805,Mercedes C300 2023,--,bar,Minivan
REV-0806,Subaru Outback 2024,33.38,PSI,Sedán
REV-0807,Ford Ranger 2023,25.76,PSI,Sedán
REV-0808,BMW Serie 3 2024,20.16,PSI,Lujo
REV-0809,Toyota Hilux 2024,37.5,PSI,Camioneta
REV-0810,BMW Serie 3 2024,2.28,bar,Lujo
REV-0811,RAM 1500 2023,27.24,PSI,Lujo
REV-0812,Ford Escape 2023,3.0,bar,Camioneta
REV-0813,KIA Sportage 2023,2.15,bar,Compacto
REV-0814,BMW Serie 3 2024,3.76,bar,Camioneta
REV-0815,Ford Ranger 2023,2.78,bar,SUV
REV-0816,Honda CR-V 2023,1.41,bar,SUV
REV-0817,Honda CR-V 2023,2.2,bar,Sedán
REV-0818,Toyota Corolla 2023,37.81,PSI,SUV
REV-0819,Chevrolet Silverado 2024,53.98,PSI,Minivan
REV-0820,Ford Escape 2023,2.66,bar,Pickup
REV-0821,Nissan Sentra 2024,1.37,bar,Deportivo
REV-0822,BMW Serie 3 2024,3.06,bar,Lujo

REV-0824,Jeep Wrangler 2022,1.59,bar,Lujo
REV-0825,Honda CR-V 2023,2.29,bar,Camioneta
REV-0826,Ford Ranger 2023,2.93,bar,Sedán
REV-0827,Audi A4 2024,23.78,PSI,SUV
REV-0828,Hyundai Tucson 2024,42.55,PSI,Sedán
REV-0829,VW Jetta 2023,3.55,bar,Camioneta
REV-0830,Honda CR-V 2023,33.74,PSI,Compacto
REV-0831,KIA Sportage 2023,1.71,bar,Pickup
REV-0832,Chevrolet Silverado 2024,44.94,PSI,Lujo
REV-0833,Mazda 3 2024,3.63,bar,Compacto
REV-0834,Toyota RAV4 2024,47.88,PSI,Deportivo
REV-0835,Toyota RAV4 2024,2.4,bar,Lujo
REV-0836,Chevrolet Silverado 2024,49.04,PSI,Deportivo
REV-0837,Mazda 3 2024,1.5,bar,Lujo
REV-0838,Ford Ranger 2023,42.59,PSI,Pickup
REV-0839,VW Jetta 2023,1.73,bar,Lujo
REV-0840,Honda Civic 2022,24.01,PSI,Pickup
REV-0841,Honda CR-V 2023,3.36,bar,Camioneta
REV-0842,Mercedes C300 2023,2.59,bar,Pickup
REV-0843,Mazda 3 2024,21.28,PSI,Minivan
REV-0844,Ford Escape 2023,46.42,PSI,Compacto
REV-0845,Hyundai Tucson 2024,2.88,bar,Minivan
REV-0846,Honda CR-V 2023,1.81,bar,Deportivo
REV-0847,Ford Escape 2023,2.27,bar,Lujo
REV-0848,RAM 1500 2023,1.88,bar,SUV
REV-0849,Ford Escape 2023,#REF!,PSI,Sedán
REV-0850,BMW Serie 3 2024,2.33,bar,Sedán
REV-0851,Jeep Wrangler 2022,27.27,PSI,Sedán
REV-0852,Honda Civic 2022,3.2,bar,Minivan
REV-0853,Jeep Wrangler 2022,3.03
REV-0854,Mazda CX-5 2023,1.74,bar,Lujo
REV-0855,Honda Civic 2022,1.84,bar,Camioneta
REV-0856,Audi A4 2024,2.61,bar,Lujo

REV-0858,BMW Serie 3 2024,51.39,PSI,SUV
REV-0859,RAM 1500 2023
REV-0860,Toyota RAV4 2024,2.77,bar,Sedán
REV-0861,VW Jetta 2023,34.28,PSI,SUV
REV-0862,Mercedes C300 2023,3.29
REV-0863,RAM 1500 2023,26.74,PSI,Pickup
REV-0864,Honda Civic 2022,1.48,bar,SUV
REV-0865,Chevrolet Aveo 2022,35.7,PSI,Pickup
REV-0866,Mercedes C300 2023,23.74,PSI,Sedán
REV-0867,Chevrolet Aveo 2022,34.2,PSI,Compacto
REV-0868,VW Tiguan 2024,3.1,bar,Minivan
REV-0869,Honda CR-V 2023,N/A,bar,Sedán
REV-0870,Mazda 3 2024,42.18,PSI,Camioneta
REV-0871,Toyota Hilux 2024,40.32,PSI,SUV
REV-0872,Nissan Frontier 2023,3.64,bar,Pickup
REV-0873,Toyota Corolla 2023,20.64,PSI,SUV,dato_extra,95
REV-0874,RAM 1500 2023,39.09,PSI,Pickup
REV-0875,Hyundai Tucson 2024,2.39,bar,SUV
REV-0876,Subaru Outback 2024,3.76,bar,Sedán
REV-0877,Chevrolet Silverado 2024,3.16,bar,Lujo,dato_extra,25
REV-0878,BMW Serie 3 2024,42.17,PSI,Minivan
REV-0879,Chevrolet Silverado 2024,1.74,bar,Sedán
REV-0880,RAM 1500 2023,54.63,PSI,Camioneta
REV-0881,Suzuki Vitara 2023,3.48,bar,SUV
REV-0882,Jeep Wrangler 2022,3.2,bar,Camioneta
REV-0883,Mazda CX-5 2023,2.47,bar,Minivan
REV-0884,RAM 1500 2023,2.16,bar,Minivan
REV-0885,VW Tiguan 2024,19.8,PSI,Sedán
REV-0886,Chevrolet Silverado 2024,2.59,bar,Pickup
REV-0887,Mercedes C300 2023,48.14,PSI,SUV,dato_extra,41
REV-0888,Ford Ranger 2023,19.54,PSI,Deportivo
REV-0889,KIA Sportage 2023,3.77,bar,Lujo
REV-0890,KIA Sportage 2023,41.3,PSI,Camioneta
REV-0891,Honda CR-V 2023,30.82,PSI,Sedán
REV-0892,Toyota RAV4 2024,3.73,bar,Pickup
REV-0893,Chevrolet Aveo 2022,52.03,PSI,Lujo
REV-0894,Audi A4 2024,23.15,PSI,Sedán
REV-0895,Honda CR-V 2023,50.99,PSI,Sedán
REV-0896,VW Jetta 2023,20.45,PSI,Sedán
REV-0897,Subaru Outback 2024,1.58,X,Compacto
REV-0898,Honda CR-V 2023,3.65,bar,Pickup
REV-0899,Suzuki Vitara 2023,53.79,PSI,Deportivo
REV-0900,Chevrolet Silverado 2024,1.21,bar,Camioneta
REV-0901,Mazda CX-5 2023,47.47,PSI,Compacto,dato_extra,44
REV-0902,Hyundai Tucson 2024,--,PSI,Deportivo
REV-0903,Jeep Wrangler 2022,52.63,PSI,Deportivo
REV-0904,KIA Sportage 2023,40.39,PSI,Deportivo
REV-0905,Nissan Sentra 2024,2.03,bar,Sedán
REV-0906,Toyota RAV4 2024,3.36,bar,Sedán
REV-0907,Toyota Corolla 2023,41.4,PSI,Camioneta
REV-0908,Audi A4 2024,1.52
REV-0909,Honda CR-V 2023,2.25,bar,Lujo
REV-0910,VW Tiguan 2024,1.32,bar,Lujo
REV-0911,Honda Civic 2022,3.22,bar,Sedán
REV-0912,Subaru Outback 2024,23.09,PSI,Camioneta
REV-0913,VW Tiguan 2024,24.75,PSI,Sedán
REV-0914,KIA Sportage 2023,3.07,bar,SUV
REV-0915,Mercedes C300 2023,54.55,PSI,Pickup
REV-0916,Toyota RAV4 2024,3.54,bar,SUV
REV-0917,Ford Escape 2023,3.27,bar,Lujo
REV-0918,Subaru Outback 2024,3.33,bar,Minivan
REV-0919,Subaru Outback 2024,3.31,bar,Pickup
REV-0920,Nissan Sentra 2024,3.32,bar,Minivan
REV-0921,VW Jetta 2023,2.21,bar,Camioneta
REV-0922,RAM 1500 2023,2.19,bar,Camioneta
REV-0923,Ford Escape 2023,47.46,PSI,SUV
REV-0924,KIA Sportage 2023,3.72,bar,Sedán

REV-0926,Toyota Corolla 2023,23.89,PSI,Compacto
REV-0927,VW Tiguan 2024,1.42,bar,Pickup,dato_extra,66
REV-0928,BMW Serie 3 2024,22.39,PSI,Deportivo
REV-0929,Jeep Wrangler 2022,,PSI,Pickup
REV-0930,RAM 1500 2023,21.55,PSI,SUV
REV-0931,Mazda 3 2024,19.83,?,Minivan
REV-0932,Hyundai Tucson 2024,1.98,bar,Sedán
REV-0933,Toyota Corolla 2023,1.7,bar,Lujo
REV-0934,BMW Serie 3 2024,40.22,PSI,Lujo
REV-0935,RAM 1500 2023,49.54,PSI,Minivan
REV-0936,Mercedes C300 2023,2.26,bar,Deportivo
REV-0937,Chevrolet Aveo 2022,25.73,PSI,Deportivo
REV-0938,Chevrolet Aveo 2022,30.14,PSI,Camioneta
REV-0939,Ford Ranger 2023,2.93,bar,Minivan,dato_extra,68
REV-0940,Mercedes C300 2023,23.63,PSI,Compacto
REV-0941,Hyundai Tucson 2024,3.78,bar,Deportivo
REV-0942,Mazda CX-5 2023,3.78,bar,Deportivo
REV-0943,Toyota RAV4 2024,2.02,bar,Camioneta
REV-0944,Suzuki Vitara 2023
REV-0945,Toyota RAV4 2024,2.17,bar,Pickup
REV-0946,KIA Sportage 2023,23.0,PSI,Pickup
REV-0947,KIA Sportage 2023,3.28,bar,Compacto
REV-0948,Mercedes C300 2023,3.68,bar,Minivan
REV-0949,Toyota Hilux 2024,3.54,bar,Camioneta
REV-0950,Mazda CX-5 2023,3.09,bar,Compacto
REV-0951,Nissan Sentra 2024,1.37,bar,Minivan
REV-0952,Hyundai Tucson 2024,20.33,PSI,Camioneta
REV-0953,Nissan Frontier 2023,1.41,bar,Compacto
REV-0954,VW Tiguan 2024,32.88,PSI,Camioneta
REV-0955,Jeep Wrangler 2022,1.27,bar,Lujo
REV-0956,Ford Escape 2023,2.36,bar,Pickup
REV-0957,Chevrolet Silverado 2024,26.39,PSI,SUV
REV-0958,VW Jetta 2023,38.49,PSI,Lujo
REV-0959,Toyota Hilux 2024,3.45,bar,Camioneta

REV-0961,Mazda CX-5 2023,45.74,PSI,Sedán
REV-0962,Mercedes C300 2023,2.1,bar,Compacto
REV-0963,Hyundai Tucson 2024,20.92,PSI,Minivan
REV-0964,Honda CR-V 2023,20.31,PSI,Camioneta
REV-0965,KIA Sportage 2023,1.71,bar,Compacto
REV-0966,Mercedes C300 2023,3.23,bar
REV-0967,Mazda CX-5 2023,3.78,bar,SUV
REV-0968,Subaru Outback 2024,25.08,PSI,Camioneta
REV-0969,Toyota Corolla 2023,24.04,PSI,Camioneta
REV-0970,Jeep Wrangler 2022,40.31,PSI,Pickup
REV-0971,Chevrolet Silverado 2024,1.99,bar,Deportivo
REV-0972,BMW Serie 3 2024,2.59,bar,Pickup
REV-0973,VW Tiguan 2024,1.66,bar,Camioneta
REV-0974,Jeep Wrangler 2022,35.46,PSI,Camioneta
REV-0975,Mercedes C300 2023,26.47,PSI,Compacto
REV-0976,Honda CR-V 2023,3.71,bar,Minivan
REV-0977,Chevrolet Silverado 2024,3.61,bar,Lujo

REV-0979,Ford Ranger 2023,2.34,bar,Deportivo
REV-0980,Nissan Sentra 2024,error,bar,Pickup
REV-0981,Suzuki Vitara 2023,2.92,bar,Deportivo
REV-0982,Suzuki Vitara 2023,19.55,PSI,SUV
REV-0983,Nissan Sentra 2024,error,bar,Compacto
REV-0984,Chevrolet Silverado 2024,2.0,bar,Pickup
REV-0985,Honda CR-V 2023,3.8,bar,Pickup
REV-0986,Audi A4 2024,1.51,bar,Compacto
REV-0987,Toyota Hilux 2024,1.87,bar,Deportivo
REV-0988,Chevrolet Aveo 2022,2.41,bar,Camioneta
REV-0989,Mazda CX-5 2023,38.46,PSI,Pickup
REV-0990,Mazda CX-5 2023,1.72,bar,Minivan
REV-0991,Audi A4 2024,38.37,PSI,Compacto
REV-0992,Ford Escape 2023,1.95,bar,Camioneta
REV-0993,Mazda CX-5 2023,2.26,bar,Lujo
REV-0994,Jeep Wrangler 2022,51.39,PSI,Minivan
REV-0995,RAM 1500 2023,45.15,PSI,Camioneta
REV-0996,Subaru Outback 2024,42.18,PSI,Lujo
REV-0997,Mazda CX-5 2023,19.28,PSI,SUV
REV-0998,Chevrolet Silverado 2024,1.73,bar,Sedán
REV-0999,Ford Ranger 2023,3.72,bar,Compacto
REV-1000,Toyota Corolla 2023,2.06,bar,Camioneta
