id_revision,vehiculo,tipo_vehiculo,presion_bar,estado_presion
REV-0001,Audi A4 2024,Deportivo,2.48,Normal
REV-0002,Toyota Corolla 2023,Sedán,1.23,Muy baja
REV-0003,Nissan Sentra 2024,Lujo,3.18,Alta
REV-0004,KIA Sportage 2023,Lujo,2.08,Normal
REV-0005,Hyundai Tucson 2024,Pickup,3.35,Alta
REV-0006,Mercedes C300 2023,Pickup,3.48,Alta
REV-0007,BMW Serie 3 2024,Lujo,3.10,Alta
REV-0008,RAM 1500 2023,Deportivo,1.38,Muy baja
REV-0009,Nissan Frontier 2023,SUV,2.71,Normal
REV-0010,Chevrolet Silverado 2024,SUV,1.72,Baja
REV-0011,Mazda CX-5 2023,Minivan,2.68,Normal
REV-0012,VW Tiguan 2024,Sedán,2.02,Baja
REV-0013,Toyota Hilux 2024,Lujo,1.89,Baja
REV-0015,Toyota RAV4 2024,Lujo,2.80,Alta
REV-0016,Hyundai Tucson 2024,Sedán,1.87,Baja
REV-0017,RAM 1500 2023,Pickup,2.47,Normal
REV-0018,Toyota Hilux 2024,Minivan,2.05,Baja
REV-0020,VW Jetta 2023,SUV,2.84,Alta
REV-0021,Nissan Sentra 2024,Pickup,3.74,Peligrosa
REV-0022,Chevrolet Aveo 2022,SUV,1.91,Baja
REV-0023,VW Tiguan 2024,Deportivo,2.83,Alta
REV-0024,Jeep Wrangler 2022,Minivan,2.90,Alta
REV-0025,Mazda 3 2024,Sedán,3.79,Peligrosa
REV-0026,VW Jetta 2023,Deportivo,2.26,Normal
REV-0027,Subaru Outback 2024,Compacto,3.51,Alta
REV-0028,Jeep Wrangler 2022,Deportivo,3.63,Peligrosa
REV-0030,Hyundai Tucson 2024,Sedán,2.52,Normal
REV-0031,Mazda CX-5 2023,Deportivo,1.91,Baja
REV-0032,Ford Escape 2023,Minivan,2.05,Baja
REV-0033,Suzuki Vitara 2023,Sedán,3.79,Peligrosa
REV-0035,Chevrolet Aveo 2022,Minivan,3.13,Alta
REV-0036,Chevrolet Silverado 2024,Minivan,3.35,Alta
REV-0037,KIA Sportage 2023,Deportivo,3.57,Alta
REV-0038,Mercedes C300 2023,Sedán,3.76,Peligrosa
REV-0039,Suzuki Vitara 2023,Sedán,2.57,Normal
REV-0040,Ford Escape 2023,Compacto,3.06,Alta
REV-0041,VW Jetta 2023,Camioneta,2.07,Normal
REV-0043,Subaru Outback 2024,Minivan,3.09,Alta
REV-0045,VW Tiguan 2024,Compacto,2.68,Normal
REV-0046,Nissan Frontier 2023,Deportivo,2.81,Alta
REV-0047,KIA Sportage 2023,Lujo,2.03,Baja
REV-0048,RAM 1500 2023,Camioneta,3.34,Alta
REV-0049,Jeep Wrangler 2022,Sedán,2.83,Alta
REV-0051,Suzuki Vitara 2023,Camioneta,3.38,Alta
REV-0052,VW Tiguan 2024,Minivan,2.14,Normal
REV-0053,Suzuki Vitara 2023,Sedán,2.15,Normal
REV-0054,RAM 1500 2023,Pickup,2.68,Normal
REV-0055,Chevrolet Aveo 2022,Compacto,1.28,Muy baja
REV-0056,RAM 1500 2023,Compacto,1.89,Baja
REV-0057,Nissan Frontier 2023,Lujo,1.25,Muy baja
REV-0058,Suzuki Vitara 2023,SUV,1.27,Muy baja
REV-0059,Ford Escape 2023,Compacto,3.61,Alta
REV-0060,Subaru Outback 2024,Camioneta,2.16,Normal
REV-0061,BMW Serie 3 2024,Deportivo,1.89,Baja
REV-0062,Nissan Sentra 2024,Lujo,1.63,Baja
REV-0063,Honda Civic 2022,Compacto,3.13,Alta
REV-0064,Audi A4 2024,Lujo,2.21,Normal
REV-0065,BMW Serie 3 2024,Lujo,3.78,Peligrosa
REV-0066,Nissan Sentra 2024,SUV,2.14,Normal
REV-0067,Chevrolet Silverado 2024,Compacto,2.94,Alta
REV-0068,Honda CR-V 2023,Compacto,3.34,Alta
REV-0069,Jeep Wrangler 2022,Camioneta,2.45,Normal
REV-0070,Subaru Outback 2024,Sedán,2.20,Normal
REV-0071,RAM 1500 2023,Minivan,3.56,Alta
REV-0072,KIA Sportage 2023,Camioneta,3.50,Alta
REV-0073,Chevrolet Aveo 2022,Lujo,3.65,Peligrosa
REV-0074,Suzuki Vitara 2023,Camioneta,3.10,Alta
REV-0075,BMW Serie 3 2024,Pickup,2.83,Alta
REV-0076,Ford Ranger 2023,Deportivo,1.75,Baja
REV-0077,Suzuki Vitara 2023,Deportivo,2.81,Alta
REV-0078,Ford Escape 2023,Sedán,1.23,Muy baja
REV-0079,Mazda 3 2024,Sedán,2.61,Normal
REV-0080,RAM 1500 2023,Deportivo,3.63,Peligrosa
REV-0082,Nissan Sentra 2024,Minivan,1.29,Muy baja
REV-0083,Mercedes C300 2023,Sedán,1.36,Muy baja
REV-0084,Toyota Corolla 2023,Compacto,1.22,Muy baja
REV-0085,BMW Serie 3 2024,Minivan,2.98,Alta
REV-0086,KIA Sportage 2023,Pickup,1.56,Baja
REV-0088,Chevrolet Silverado 2024,Sedán,2.54,Normal
REV-0089,KIA Sportage 2023,Camioneta,2.85,Alta
REV-0090,Toyota Hilux 2024,Sedán,2.93,Alta
REV-0091,Honda Civic 2022,Sedán,3.52,Alta
REV-0092,Honda Civic 2022,Deportivo,1.57,Baja
REV-0093,Honda CR-V 2023,Lujo,1.58,Baja
REV-0094,KIA Sportage 2023,Sedán,2.04,Baja
REV-0095,KIA Sportage 2023,Pickup,2.75,Alta
REV-0096,Nissan Frontier 2023,Lujo,1.82,Baja
REV-0097,Suzuki Vitara 2023,Camioneta,3.36,Alta
REV-0098,Jeep Wrangler 2022,Lujo,1.32,Muy baja
REV-0099,Toyota RAV4 2024,Camioneta,2.82,Alta
REV-0100,Honda Civic 2022,Compacto,1.77,Baja
REV-0101,Subaru Outback 2024,Minivan,3.43,Alta
REV-0102,Mazda 3 2024,Camioneta,2.38,Normal
REV-0103,BMW Serie 3 2024,Pickup,1.68,Baja
REV-0104,Audi A4 2024,Pickup,2.33,Normal
REV-0105,VW Tiguan 2024,Deportivo,3.32,Alta
REV-0106,RAM 1500 2023,Minivan,3.68,Peligrosa
REV-0107,Honda CR-V 2023,Deportivo,2.91,Alta
REV-0108,Mazda 3 2024,Sedán,1.93,Baja
REV-0109,VW Tiguan 2024,Compacto,3.06,Alta
REV-0110,Mazda 3 2024,SUV,2.31,Normal
REV-0111,Mazda 3 2024,Compacto,3.02,Alta
REV-0112,Hyundai Tucson 2024,Deportivo,3.38,Alta
REV-0113,Ford Escape 2023,Pickup,3.49,Alta
REV-0114,Audi A4 2024,Camioneta,1.85,Baja
REV-0115,VW Jetta 2023,Pickup,3.51,Alta
REV-0116,Nissan Sentra 2024,Minivan,2.97,Alta
REV-0117,RAM 1500 2023,Minivan,2.56,Normal
REV-0118,RAM 1500 2023,Pickup,1.25,Muy baja
REV-0119,RAM 1500 2023,Compacto,1.84,Baja
REV-0120,Mercedes C300 2023,Sedán,2.02,Baja
REV-0121,BMW Serie 3 2024,SUV,3.47,Alta
REV-0123,Mazda 3 2024,Lujo,2.65,Normal
REV-0124,Honda Civic 2022,Camioneta,1.54,Baja
REV-0125,Toyota Hilux 2024,Sedán,3.07,Alta
REV-0126,Subaru Outback 2024,SUV,3.75,Peligrosa
REV-0127,Ford Escape 2023,Compacto,2.65,Normal
REV-0128,Mercedes C300 2023,Camioneta,3.48,Alta
REV-0129,Mercedes C300 2023,Sedán,2.18,Normal
REV-0130,Jeep Wrangler 2022,Minivan,2.66,Normal
REV-0131,Toyota Hilux 2024,Pickup,1.31,Muy baja
REV-0132,RAM 1500 2023,Pickup,2.42,Normal
REV-0133,Chevrolet Aveo 2022,SUV,3.31,Alta
REV-0134,VW Jetta 2023,Pickup,1.91,Baja
REV-0136,BMW Serie 3 2024,Lujo,2.04,Baja
REV-0138,Chevrolet Aveo 2022,Pickup,3.03,Alta
REV-0139,Jeep Wrangler 2022,SUV,1.36,Muy baja
REV-0140,Hyundai Tucson 2024,Camioneta,2.32,Normal
REV-0141,Mazda 3 2024,Compacto,1.57,Baja
REV-0142,KIA Sportage 2023,Lujo,2.46,Normal
REV-0144,Subaru Outback 2024,Camioneta,1.26,Muy baja
REV-0145,Chevrolet Silverado 2024,Camioneta,2.70,Normal
REV-0146,Honda Civic 2022,Pickup,2.01,Baja
REV-0147,BMW Serie 3 2024,Compacto,2.81,Alta
REV-0148,Mazda CX-5 2023,SUV,3.79,Peligrosa
REV-0149,BMW Serie 3 2024,Lujo,2.51,Normal
REV-0150,Mercedes C300 2023,Minivan,2.91,Alta
REV-0151,Honda CR-V 2023,Camioneta,3.11,Alta
REV-0152,Toyota RAV4 2024,SUV,3.39,Alta
REV-0153,Honda CR-V 2023,Pickup,3.22,Alta
REV-0154,Nissan Sentra 2024,Minivan,3.72,Peligrosa
REV-0155,Nissan Sentra 2024,Pickup,1.79,Baja
REV-0156,VW Jetta 2023,Camioneta,3.74,Peligrosa
REV-0157,Jeep Wrangler 2022,SUV,1.44,Muy baja
REV-0158,Suzuki Vitara 2023,SUV,2.85,Alta
REV-0159,Nissan Sentra 2024,Compacto,1.27,Muy baja
REV-0160,Toyota Hilux 2024,Deportivo,2.44,Normal
REV-0161,Toyota Hilux 2024,Deportivo,3.61,Alta
REV-0162,Toyota Hilux 2024,Camioneta,1.70,Baja
REV-0164,Jeep Wrangler 2022,Minivan,1.96,Baja
REV-0165,Subaru Outback 2024,Lujo,2.00,Baja
REV-0166,Mercedes C300 2023,Minivan,3.16,Alta
REV-0167,Toyota RAV4 2024,Deportivo,2.14,Normal
REV-0168,Nissan Frontier 2023,Compacto,2.10,Normal
REV-0169,Ford Escape 2023,Sedán,3.13,Alta
REV-0170,Toyota RAV4 2024,Sedán,1.22,Muy baja
REV-0171,Toyota Corolla 2023,Pickup,1.36,Muy baja
REV-0172,Audi A4 2024,Compacto,3.31,Alta
REV-0173,BMW Serie 3 2024,Sedán,2.49,Normal
REV-0174,Jeep Wrangler 2022,Deportivo,3.67,Peligrosa
REV-0176,Honda Civic 2022,Pickup,3.68,Peligrosa
REV-0177,Subaru Outback 2024,Deportivo,3.14,Alta
REV-0178,Toyota RAV4 2024,Camioneta,3.23,Alta
REV-0179,KIA Sportage 2023,SUV,2.40,Normal
REV-0180,RAM 1500 2023,Lujo,2.60,Normal
REV-0181,Suzuki Vitara 2023,Compacto,3.60,Alta
REV-0182,BMW Serie 3 2024,SUV,3.30,Alta
REV-0183,Subaru Outback 2024,Sedán,3.18,Alta
REV-0184,Toyota Corolla 2023,Lujo,2.63,Normal
REV-0185,BMW Serie 3 2024,Deportivo,2.74,Alta
REV-0186,Toyota Corolla 2023,Deportivo,2.18,Normal
REV-0187,Suzuki Vitara 2023,Compacto,1.31,Muy baja
REV-0188,Honda CR-V 2023,Lujo,3.36,Alta
REV-0189,Chevrolet Silverado 2024,SUV,1.90,Baja
REV-0190,Chevrolet Aveo 2022,Camioneta,2.78,Alta
REV-0191,Ford Escape 2023,Lujo,2.14,Normal
REV-0192,Mazda 3 2024,Compacto,2.37,Normal
REV-0193,Jeep Wrangler 2022,Compacto,3.23,Alta
REV-0194,VW Jetta 2023,Pickup,3.09,Alta
REV-0195,KIA Sportage 2023,Camioneta,2.04,Baja
REV-0196,BMW Serie 3 2024,Sedán,2.36,Normal
REV-0197,VW Tiguan 2024,Compacto,2.46,Normal
REV-0198,Hyundai Tucson 2024,Compacto,3.27,Alta
REV-0199,Chevrolet Silverado 2024,Lujo,3.29,Alta
REV-0200,Mazda 3 2024,Camioneta,2.41,Normal
REV-0201,Honda CR-V 2023,Lujo,2.29,Normal
REV-0203,Subaru Outback 2024,Camioneta,3.52,Alta
REV-0204,Nissan Sentra 2024,Compacto,2.56,Normal
REV-0205,Toyota Corolla 2023,SUV,2.29,Normal
REV-0206,VW Tiguan 2024,Lujo,2.77,Alta
REV-0207,Mazda CX-5 2023,Compacto,1.47,Muy baja
REV-0208,Hyundai Tucson 2024,Pickup,1.37,Muy baja
REV-0209,Ford Escape 2023,Camioneta,2.80,Alta
REV-0210,VW Jetta 2023,Minivan,3.58,Alta
REV-0211,RAM 1500 2023,Deportivo,2.14,Normal
REV-0212,Hyundai Tucson 2024,Compacto,2.31,Normal
REV-0213,Mazda 3 2024,Sedán,3.11,Alta
REV-0214,Jeep Wrangler 2022,Deportivo,1.82,Baja
REV-0215,VW Tiguan 2024,SUV,3.77,Peligrosa
REV-0216,Chevrolet Silverado 2024,Camioneta,1.81,Baja
REV-0217,Mazda 3 2024,Camioneta,2.56,Normal
REV-0218,Subaru Outback 2024,SUV,2.06,Baja
REV-0219,Subaru Outback 2024,Compacto,2.97,Alta
REV-0220,Toyota Corolla 2023,Camioneta,3.48,Alta
REV-0221,Chevrolet Silverado 2024,SUV,3.74,Peligrosa
REV-0222,Nissan Frontier 2023,Minivan,1.59,Baja
REV-0223,Jeep Wrangler 2022,Pickup,1.59,Baja
REV-0225,Toyota Hilux 2024,SUV,1.82,Baja
REV-0226,Toyota RAV4 2024,Camioneta,2.91,Alta
REV-0227,Suzuki Vitara 2023,Sedán,2.48,Normal
REV-0228,Honda CR-V 2023,Minivan,2.18,Normal
REV-0229,KIA Sportage 2023,Sedán,2.60,Normal
REV-0230,RAM 1500 2023,Lujo,3.47,Alta
REV-0231,Ford Ranger 2023,Lujo,3.31,Alta
REV-0232,BMW Serie 3 2024,Pickup,2.35,Normal
REV-0234,Ford Escape 2023,Camioneta,1.70,Baja
REV-0235,Nissan Sentra 2024,Compacto,2.53,Normal
REV-0236,Ford Ranger 2023,Camioneta,1.70,Baja
REV-0237,Honda CR-V 2023,Pickup,3.02,Alta
REV-0238,Audi A4 2024,Minivan,2.80,Alta
REV-0239,Mercedes C300 2023,Minivan,3.48,Alta
REV-0240,Honda CR-V 2023,Minivan,2.11,Normal
REV-0241,BMW Serie 3 2024,Compacto,2.84,Alta
REV-0243,Ford Escape 2023,Deportivo,2.89,Alta
REV-0245,Toyota RAV4 2024,Lujo,3.13,Alta
REV-0246,Toyota RAV4 2024,Compacto,3.16,Alta
REV-0247,Subaru Outback 2024,Pickup,2.86,Alta
REV-0248,Suzuki Vitara 2023,Lujo,3.70,Peligrosa
REV-0249,Mazda 3 2024,Compacto,2.36,Normal
REV-0250,Toyota RAV4 2024,Lujo,1.35,Muy baja
REV-0251,Hyundai Tucson 2024,SUV,2.53,Normal
REV-0252,Jeep Wrangler 2022,Minivan,2.95,Alta
REV-0253,Hyundai Tucson 2024,Deportivo,2.84,Alta
REV-0254,VW Tiguan 2024,Camioneta,3.02,Alta
REV-0255,Mazda 3 2024,Deportivo,1.72,Baja
REV-0256,KIA Sportage 2023,Compacto,3.20,Alta
REV-0257,Toyota Hilux 2024,Compacto,1.53,Baja
REV-0258,Honda Civic 2022,Camioneta,3.18,Alta
REV-0259,VW Jetta 2023,Lujo,1.41,Muy baja
REV-0260,Hyundai Tucson 2024,SUV,1.82,Baja
REV-0261,Toyota Hilux 2024,Deportivo,1.77,Baja
REV-0262,Subaru Outback 2024,Sedán,1.87,Baja
REV-0263,VW Tiguan 2024,Lujo,3.78,Peligrosa
REV-0264,Toyota Corolla 2023,Compacto,3.26,Alta
REV-0265,Toyota Corolla 2023,Camioneta,2.78,Alta
REV-0266,Mazda CX-5 2023,Pickup,1.88,Baja
REV-0267,Toyota Corolla 2023,Sedán,1.56,Baja
REV-0268,Mercedes C300 2023,Lujo,3.55,Alta
REV-0269,Ford Ranger 2023,Minivan,2.63,Normal
REV-0270,Chevrolet Silverado 2024,Pickup,2.07,Normal
REV-0271,Audi A4 2024,Compacto,2.52,Normal
REV-0272,Chevrolet Aveo 2022,Sedán,3.06,Alta
REV-0273,KIA Sportage 2023,Camioneta,2.61,Normal
REV-0274,Toyota RAV4 2024,Pickup,3.52,Alta
REV-0275,RAM 1500 2023,Deportivo,1.46,Muy baja
REV-0276,Mazda 3 2024,Camioneta,2.15,Normal
REV-0277,BMW Serie 3 2024,Deportivo,1.54,Baja
REV-0278,VW Tiguan 2024,Camioneta,3.32,Alta
REV-0279,Ford Ranger 2023,Lujo,1.93,Baja
REV-0280,Honda CR-V 2023,Minivan,2.92,Alta
REV-0281,Toyota Hilux 2024,Minivan,1.98,Baja
REV-0283,KIA Sportage 2023,Lujo,1.65,Baja
REV-0284,VW Jetta 2023,SUV,2.99,Alta
REV-0285,Chevrolet Aveo 2022,SUV,2.05,Baja
REV-0286,Toyota RAV4 2024,Compacto,1.61,Baja
REV-0287,Mazda 3 2024,Pickup,3.03,Alta
REV-0288,Mazda CX-5 2023,Lujo,3.14,Alta
REV-0290,Honda Civic 2022,Lujo,1.81,Baja
REV-0291,Nissan Frontier 2023,Minivan,2.40,Normal
REV-0292,Mercedes C300 2023,SUV,1.36,Muy baja
REV-0293,Ford Escape 2023,SUV,3.35,Alta
REV-0294,KIA Sportage 2023,Sedán,1.66,Baja
REV-0295,Jeep Wrangler 2022,Sedán,2.31,Normal
REV-0296,Chevrolet Silverado 2024,SUV,2.42,Normal
REV-0298,Honda CR-V 2023,Pickup,2.60,Normal
REV-0299,Ford Escape 2023,Pickup,3.18,Alta
REV-0300,Ford Escape 2023,Pickup,2.62,Normal
REV-0301,VW Jetta 2023,SUV,2.32,Normal
REV-0302,Hyundai Tucson 2024,SUV,3.62,Peligrosa
REV-0303,VW Jetta 2023,Compacto,2.56,Normal
REV-0304,Hyundai Tucson 2024,Pickup,1.33,Muy baja
REV-0305,Toyota RAV4 2024,SUV,1.96,Baja
REV-0306,Honda Civic 2022,Deportivo,1.70,Baja
REV-0307,BMW Serie 3 2024,Pickup,1.70,Baja
REV-0308,Audi A4 2024,Sedán,2.14,Normal
REV-0309,Jeep Wrangler 2022,Camioneta,2.36,Normal
REV-0311,Toyota RAV4 2024,Compacto,2.10,Normal
REV-0312,VW Jetta 2023,Lujo,3.72,Peligrosa
REV-0314,Hyundai Tucson 2024,SUV,3.40,Alta
REV-0315,Honda CR-V 2023,Minivan,2.64,Normal
REV-0317,Jeep Wrangler 2022,Minivan,3.33,Alta
REV-0318,Subaru Outback 2024,Compacto,2.78,Alta
REV-0319,Toyota Hilux 2024,Minivan,2.57,Normal
REV-0320,Mercedes C300 2023,Deportivo,3.39,Alta
REV-0322,BMW Serie 3 2024,Lujo,2.32,Normal
REV-0323,Suzuki Vitara 2023,Sedán,1.66,Baja
REV-0324,Ford Ranger 2023,Pickup,2.21,Normal
REV-0325,Chevrolet Aveo 2022,Pickup,3.38,Alta
REV-0326,Audi A4 2024,Minivan,2.77,Alta
REV-0327,VW Jetta 2023,Minivan,1.63,Baja
REV-0328,VW Jetta 2023,Camioneta,1.75,Baja
REV-0329,Hyundai Tucson 2024,SUV,3.72,Peligrosa
REV-0330,Jeep Wrangler 2022,Camioneta,2.91,Alta
REV-0331,RAM 1500 2023,Pickup,2.89,Alta
REV-0332,Nissan Frontier 2023,Lujo,3.17,Alta
REV-0333,Audi A4 2024,Camioneta,2.81,Alta
REV-0334,Mercedes C300 2023,Sedán,1.94,Baja
REV-0335,Jeep Wrangler 2022,Lujo,3.12,Alta
REV-0336,VW Jetta 2023,Lujo,3.64,Peligrosa
REV-0337,VW Tiguan 2024,Minivan,2.97,Alta
REV-0339,Nissan Sentra 2024,Sedán,2.28,Normal
REV-0340,BMW Serie 3 2024,Compacto,2.16,Normal
REV-0341,RAM 1500 2023,Pickup,1.57,Baja
REV-0342,Ford Escape 2023,Camioneta,1.64,Baja
REV-0343,Suzuki Vitara 2023,Compacto,1.80,Baja
REV-0344,Mercedes C300 2023,Deportivo,2.64,Normal
REV-0346,Ford Escape 2023,Deportivo,3.01,Alta
REV-0347,VW Jetta 2023,Compacto,2.95,Alta
REV-0348,Toyota Corolla 2023,Sedán,2.25,Normal
REV-0349,Toyota RAV4 2024,Pickup,1.87,Baja
REV-0350,KIA Sportage 2023,Sedán,1.42,Muy baja
REV-0351,Mazda 3 2024,Minivan,1.78,Baja
REV-0352,Chevrolet Silverado 2024,Pickup,2.34,Normal
REV-0353,BMW Serie 3 2024,Compacto,3.53,Alta
REV-0354,VW Jetta 2023,Lujo,2.15,Normal
REV-0355,Honda Civic 2022,Lujo,2.89,Alta
REV-0356,Toyota Corolla 2023,Lujo,3.48,Alta
REV-0357,Toyota Corolla 2023,Sedán,2.60,Normal
REV-0358,Toyota Hilux 2024,Minivan,2.86,Alta
REV-0359,Suzuki Vitara 2023,Sedán,2.54,Normal
REV-0360,Mercedes C300 2023,Camioneta,1.83,Baja
REV-0361,Nissan Frontier 2023,Minivan,1.84,Baja
REV-0362,Toyota RAV4 2024,Compacto,1.70,Baja
REV-0363,Jeep Wrangler 2022,Compacto,1.99,Baja
REV-0364,Honda Civic 2022,Deportivo,1.53,Baja
REV-0365,Subaru Outback 2024,Sedán,2.92,Alta
REV-0366,Toyota Hilux 2024,Lujo,1.32,Muy baja
REV-0367,Ford Escape 2023,Camioneta,2.49,Normal
REV-0368,Mazda 3 2024,Camioneta,1.82,Baja
REV-0369,Toyota Corolla 2023,Deportivo,3.45,Alta
REV-0370,Chevrolet Silverado 2024,Minivan,3.44,Alta
REV-0371,Audi A4 2024,SUV,1.93,Baja
REV-0372,Subaru Outback 2024,Lujo,1.45,Muy baja
REV-0373,Ford Ranger 2023,Pickup,1.33,Muy baja
REV-0374,VW Jetta 2023,Deportivo,3.31,Alta
REV-0375,BMW Serie 3 2024,Camioneta,3.34,Alta
REV-0376,Ford Ranger 2023,Lujo,1.27,Muy baja
REV-0377,Ford Ranger 2023,Lujo,1.91,Baja
REV-0380,Subaru Outback 2024,Camioneta,3.02,Alta
REV-0381,Ford Ranger 2023,Lujo,3.02,Alta
REV-0382,Jeep Wrangler 2022,Pickup,2.96,Alta
REV-0383,Mazda 3 2024,Camioneta,3.08,Alta
REV-0384,KIA Sportage 2023,SUV,2.12,Normal
REV-0385,Honda Civic 2022,Camioneta,1.75,Baja
REV-0386,Audi A4 2024,Lujo,3.52,Alta
REV-0387,RAM 1500 2023,Minivan,3.58,Alta
REV-0390,Ford Ranger 2023,Pickup,3.34,Alta
REV-0391,Chevrolet Silverado 2024,Deportivo,1.51,Muy baja
REV-0392,Suzuki Vitara 2023,SUV,2.23,Normal
REV-0393,KIA Sportage 2023,SUV,3.71,Peligrosa
REV-0394,Toyota RAV4 2024,Lujo,2.78,Alta
REV-0396,Jeep Wrangler 2022,Compacto,2.55,Normal
REV-0398,Toyota RAV4 2024,Compacto,3.40,Alta
REV-0399,Jeep Wrangler 2022,Pickup,1.36,Muy baja
REV-0400,Toyota Corolla 2023,Lujo,2.11,Normal
REV-0401,Jeep Wrangler 2022,Pickup,3.19,Alta
REV-0402,Toyota RAV4 2024,Pickup,1.94,Baja
REV-0403,Chevrolet Aveo 2022,Pickup,3.61,Alta
REV-0404,VW Jetta 2023,Lujo,2.06,Baja
REV-0405,Mercedes C300 2023,Pickup,1.34,Muy baja
REV-0406,Honda Civic 2022,Compacto,2.77,Alta
REV-0407,Mercedes C300 2023,Lujo,2.90,Alta
REV-0408,Chevrolet Aveo 2022,Pickup,1.27,Muy baja
REV-0410,Suzuki Vitara 2023,Deportivo,2.45,Normal
REV-0413,RAM 1500 2023,Sedán,3.45,Alta
REV-0414,VW Tiguan 2024,Deportivo,3.47,Alta
REV-0415,Nissan Frontier 2023,Pickup,3.45,Alta
REV-0417,Toyota RAV4 2024,SUV,3.20,Alta
REV-0418,Honda Civic 2022,Camioneta,2.47,Normal
REV-0419,Nissan Frontier 2023,Camioneta,2.80,Alta
REV-0420,Nissan Sentra 2024,Camioneta,1.27,Muy baja
REV-0421,Honda CR-V 2023,Minivan,2.96,Alta
REV-0422,Mazda 3 2024,Lujo,2.43,Normal
REV-0423,Nissan Sentra 2024,Sedán,1.55,Baja
REV-0424,Chevrolet Aveo 2022,Sedán,2.54,Normal
REV-0425,Suzuki Vitara 2023,Deportivo,1.26,Muy baja
REV-0426,KIA Sportage 2023,SUV,2.55,Normal
REV-0427,Chevrolet Silverado 2024,Minivan,3.61,Alta
REV-0429,Audi A4 2024,Camioneta,2.19,Normal
REV-0430,Nissan Frontier 2023,Pickup,2.82,Alta
REV-0431,Mercedes C300 2023,Lujo,3.19,Alta
REV-0432,BMW Serie 3 2024,Camioneta,1.95,Baja
REV-0433,Hyundai Tucson 2024,Minivan,2.51,Normal
REV-0434,VW Jetta 2023,Compacto,3.52,Alta
REV-0435,Jeep Wrangler 2022,Pickup,3.49,Alta
REV-0436,Hyundai Tucson 2024,Deportivo,2.45,Normal
REV-0437,Nissan Sentra 2024,Lujo,3.43,Alta
REV-0438,Honda CR-V 2023,SUV,3.78,Peligrosa
REV-0439,Nissan Frontier 2023,Camioneta,2.11,Normal
REV-0440,Honda Civic 2022,Pickup,1.63,Baja
REV-0441,Ford Escape 2023,Sedán,3.45,Alta
REV-0442,Toyota Corolla 2023,Sedán,2.20,Normal
REV-0443,VW Tiguan 2024,Lujo,3.70,Peligrosa
REV-0444,Honda CR-V 2023,SUV,2.24,Normal
REV-0446,Jeep Wrangler 2022,Deportivo,3.50,Alta
REV-0447,Chevrolet Aveo 2022,Deportivo,1.60,Baja
REV-0448,Honda Civic 2022,Pickup,3.16,Alta
REV-0449,Hyundai Tucson 2024,SUV,3.00,Alta
REV-0450,Ford Ranger 2023,Compacto,2.30,Normal
REV-0451,Honda Civic 2022,Compacto,1.73,Baja
REV-0452,Mazda 3 2024,Pickup,2.18,Normal
REV-0453,VW Tiguan 2024,Deportivo,1.96,Baja
REV-0454,Honda Civic 2022,Lujo,1.82,Baja
REV-0455,Ford Ranger 2023,Pickup,1.61,Baja
REV-0456,Honda CR-V 2023,Compacto,1.70,Baja
REV-0458,Mercedes C300 2023,Sedán,2.23,Normal
REV-0459,Toyota Hilux 2024,Deportivo,1.67,Baja
REV-0460,Suzuki Vitara 2023,Pickup,3.07,Alta
REV-0462,Suzuki Vitara 2023,SUV,2.86,Alta
REV-0463,Toyota Corolla 2023,Pickup,2.17,Normal
REV-0464,Nissan Frontier 2023,Compacto,3.72,Peligrosa
REV-0465,BMW Serie 3 2024,SUV,2.57,Normal
REV-0466,Nissan Sentra 2024,Camioneta,2.66,Normal
REV-0467,RAM 1500 2023,Minivan,2.45,Normal
REV-0468,RAM 1500 2023,Pickup,1.47,Muy baja
REV-0469,Hyundai Tucson 2024,SUV,2.21,Normal
REV-0470,Toyota Corolla 2023,Sedán,1.86,Baja
REV-0471,VW Tiguan 2024,Deportivo,2.42,Normal
REV-0472,Toyota RAV4 2024,Deportivo,2.82,Alta
REV-0473,KIA Sportage 2023,Deportivo,2.05,Baja
REV-0474,Chevrolet Aveo 2022,Deportivo,2.55,Normal
REV-0475,Chevrolet Aveo 2022,Camioneta,1.59,Baja
REV-0476,Honda CR-V 2023,Compacto,2.39,Normal
REV-0477,Nissan Sentra 2024,Pickup,2.79,Alta
REV-0478,VW Tiguan 2024,Sedán,1.70,Baja
REV-0479,Jeep Wrangler 2022,Minivan,3.09,Alta
REV-0480,Honda Civic 2022,Sedán,3.16,Alta
REV-0481,Nissan Sentra 2024,Camioneta,2.46,Normal
REV-0482,Chevrolet Silverado 2024,SUV,2.74,Alta
REV-0483,Chevrolet Aveo 2022,Camioneta,1.28,Muy baja
REV-0484,Jeep Wrangler 2022,Camioneta,3.16,Alta
REV-0485,Subaru Outback 2024,Lujo,2.12,Normal
REV-0486,Mercedes C300 2023,Deportivo,1.41,Muy baja
REV-0487,Jeep Wrangler 2022,Minivan,3.46,Alta
REV-0488,Audi A4 2024,Minivan,1.47,Muy baja
REV-0489,Chevrolet Silverado 2024,Lujo,1.23,Muy baja
REV-0490,Nissan Frontier 2023,Lujo,2.79,Alta
REV-0491,VW Tiguan 2024,Deportivo,1.34,Muy baja
REV-0492,Toyota Corolla 2023,SUV,3.46,Alta
REV-0493,Mazda 3 2024,Pickup,3.31,Alta
REV-0494,Ford Ranger 2023,SUV,3.27,Alta
REV-0495,BMW Serie 3 2024,Pickup,1.85,Baja
REV-0496,Suzuki Vitara 2023,Minivan,3.21,Alta
REV-0497,Suzuki Vitara 2023,Sedán,2.23,Normal
REV-0499,VW Tiguan 2024,Lujo,3.31,Alta
REV-0500,Toyota Hilux 2024,Compacto,3.45,Alta
REV-0501,RAM 1500 2023,Pickup,2.47,Normal
REV-0502,Chevrolet Silverado 2024,SUV,2.34,Normal
REV-0503,Nissan Frontier 2023,Camioneta,3.37,Alta
REV-0504,Honda CR-V 2023,Camioneta,3.71,Peligrosa
REV-0505,Suzuki Vitara 2023,Pickup,1.61,Baja
REV-0506,Nissan Sentra 2024,Lujo,1.79,Baja
REV-0507,Audi A4 2024,Sedán,3.41,Alta
REV-0508,Honda CR-V 2023,Lujo,2.93,Alta
REV-0509,Nissan Sentra 2024,Compacto,3.68,Peligrosa
REV-0510,Ford Escape 2023,Deportivo,1.50,Muy baja
REV-0511,Ford Ranger 2023,Deportivo,3.01,Alta
REV-0512,Toyota RAV4 2024,Sedán,1.78,Baja
REV-0513,BMW Serie 3 2024,SUV,3.04,Alta
REV-0514,Nissan Sentra 2024,Minivan,3.12,Alta
REV-0516,Toyota RAV4 2024,Compacto,2.47,Normal
REV-0517,Jeep Wrangler 2022,Camioneta,1.50,Muy baja
REV-0518,BMW Serie 3 2024,Camioneta,2.42,Normal
REV-0519,Honda Civic 2022,Camioneta,3.68,Peligrosa
REV-0521,Nissan Frontier 2023,Camioneta,1.37,Muy baja
REV-0522,Ford Ranger 2023,Sedán,2.15,Normal
REV-0523,Nissan Sentra 2024,Minivan,3.34,Alta
REV-0524,Ford Escape 2023,Compacto,3.52,Alta
REV-0525,Jeep Wrangler 2022,Deportivo,2.50,Normal
REV-0526,Honda Civic 2022,SUV,1.98,Baja
REV-0527,BMW Serie 3 2024,Compacto,1.82,Baja
REV-0528,Mazda 3 2024,Deportivo,1.27,Muy baja
REV-0529,RAM 1500 2023,Minivan,2.27,Normal
REV-0530,Audi A4 2024,SUV,1.81,Baja
REV-0531,RAM 1500 2023,Deportivo,2.98,Alta
REV-0532,Honda CR-V 2023,Camioneta,2.10,Normal
REV-0533,KIA Sportage 2023,SUV,1.30,Muy baja
REV-0534,VW Tiguan 2024,Camioneta,1.23,Muy baja
REV-0535,Chevrolet Silverado 2024,Lujo,1.81,Baja
REV-0536,VW Tiguan 2024,Camioneta,2.18,Normal
REV-0537,BMW Serie 3 2024,Pickup,2.30,Normal
REV-0538,BMW Serie 3 2024,Compacto,2.22,Normal
REV-0539,Subaru Outback 2024,Pickup,3.67,Peligrosa
REV-0542,Toyota Hilux 2024,Compacto,3.27,Alta
REV-0543,Jeep Wrangler 2022,Deportivo,1.30,Muy baja
REV-0544,Mazda CX-5 2023,Minivan,3.78,Peligrosa
REV-0545,KIA Sportage 2023,Minivan,3.13,Alta
REV-0546,RAM 1500 2023,Minivan,1.85,Baja
REV-0547,VW Tiguan 2024,Camioneta,1.62,Baja
REV-0549,VW Tiguan 2024,Camioneta,2.45,Normal
REV-0550,Nissan Frontier 2023,SUV,3.12,Alta
REV-0551,Toyota Hilux 2024,Sedán,2.94,Alta
REV-0552,Honda CR-V 2023,Lujo,3.01,Alta
REV-0553,Mercedes C300 2023,Minivan,3.03,Alta
REV-0554,BMW Serie 3 2024,Compacto,2.42,Normal
REV-0555,Mazda CX-5 2023,Deportivo,1.45,Muy baja
REV-0556,Audi A4 2024,Deportivo,1.36,Muy baja
REV-0557,Mazda 3 2024,Camioneta,3.13,Alta
REV-0558,Honda CR-V 2023,Sedán,3.79,Peligrosa
REV-0559,Mazda 3 2024,Lujo,2.24,Normal
REV-0561,BMW Serie 3 2024,Sedán,2.84,Alta
REV-0562,Ford Ranger 2023,Camioneta,2.16,Normal
REV-0563,Jeep Wrangler 2022,Camioneta,1.61,Baja
REV-0564,Honda Civic 2022,Compacto,2.14,Normal
REV-0565,Mazda 3 2024,SUV,3.03,Alta
REV-0566,Mercedes C300 2023,Lujo,1.89,Baja
REV-0567,Toyota Corolla 2023,Camioneta,2.58,Normal
REV-0568,VW Tiguan 2024,Minivan,1.49,Muy baja
REV-0569,Mercedes C300 2023,Compacto,3.05,Alta
REV-0570,Ford Ranger 2023,Deportivo,3.09,Alta
REV-0571,Hyundai Tucson 2024,Lujo,2.63,Normal
REV-0572,Ford Ranger 2023,Pickup,1.55,Baja
REV-0573,Toyota RAV4 2024,Sedán,3.38,Alta
REV-0574,Ford Escape 2023,Minivan,1.22,Muy baja
REV-0576,Nissan Frontier 2023,Minivan,3.73,Peligrosa
REV-0577,RAM 1500 2023,Minivan,2.81,Alta
REV-0578,Suzuki Vitara 2023,Deportivo,2.48,Normal
REV-0579,Subaru Outback 2024,Minivan,2.15,Normal
REV-0580,Nissan Sentra 2024,SUV,3.43,Alta
REV-0581,Subaru Outback 2024,Lujo,3.21,Alta
REV-0582,Nissan Frontier 2023,Camioneta,2.79,Alta
REV-0583,Toyota Corolla 2023,Compacto,1.54,Baja
REV-0584,Chevrolet Silverado 2024,Sedán,1.44,Muy baja
REV-0585,Suzuki Vitara 2023,Pickup,1.71,Baja
REV-0586,Hyundai Tucson 2024,Pickup,2.48,Normal
REV-0587,Honda CR-V 2023,Lujo,1.67,Baja
REV-0588,Mercedes C300 2023,Sedán,2.52,Normal
REV-0589,VW Tiguan 2024,Pickup,3.14,Alta
REV-0590,Suzuki Vitara 2023,Lujo,2.45,Normal
REV-0591,Suzuki Vitara 2023,Camioneta,3.42,Alta
REV-0592,Suzuki Vitara 2023,Compacto,2.21,Normal
REV-0593,KIA Sportage 2023,Sedán,3.61,Alta
REV-0594,Mazda 3 2024,SUV,1.61,Baja
REV-0595,Nissan Frontier 2023,Lujo,3.07,Alta
REV-0596,Nissan Frontier 2023,Deportivo,2.20,Normal
REV-0597,Suzuki Vitara 2023,Minivan,2.08,Normal
REV-0598,Chevrolet Aveo 2022,Compacto,2.70,Normal
REV-0600,Ford Escape 2023,Pickup,2.96,Alta
REV-0601,Honda CR-V 2023,Lujo,3.02,Alta
REV-0602,RAM 1500 2023,Pickup,2.65,Normal
REV-0603,VW Jetta 2023,Camioneta,3.40,Alta
REV-0604,RAM 1500 2023,Deportivo,2.14,Normal
REV-0605,Honda Civic 2022,Compacto,1.82,Baja
REV-0606,Subaru Outback 2024,Deportivo,3.27,Alta
REV-0607,Toyota RAV4 2024,Pickup,1.77,Baja
REV-0608,Chevrolet Aveo 2022,Lujo,2.80,Alta
REV-0609,KIA Sportage 2023,Camioneta,2.90,Alta
REV-0610,Ford Escape 2023,Sedán,2.42,Normal
REV-0611,Chevrolet Aveo 2022,Sedán,2.56,Normal
REV-0612,Nissan Sentra 2024,Pickup,3.34,Alta
REV-0613,Audi A4 2024,Compacto,3.10,Alta
REV-0614,BMW Serie 3 2024,Lujo,2.29,Normal
REV-0615,Chevrolet Silverado 2024,Pickup,3.60,Alta
REV-0616,Nissan Sentra 2024,Sedán,1.87,Baja
REV-0617,Toyota RAV4 2024,Camioneta,3.00,Alta
REV-0618,Toyota Hilux 2024,Camioneta,3.59,Alta
REV-0619,RAM 1500 2023,Compacto,1.96,Baja
REV-0620,Hyundai Tucson 2024,Deportivo,3.41,Alta
REV-0621,BMW Serie 3 2024,Camioneta,1.35,Muy baja
REV-0622,VW Tiguan 2024,Pickup,3.46,Alta
REV-0623,Honda CR-V 2023,Minivan,2.09,Normal
REV-0624,RAM 1500 2023,Compacto,2.12,Normal
REV-0625,Jeep Wrangler 2022,Pickup,1.32,Muy baja
REV-0626,Hyundai Tucson 2024,Lujo,2.59,Normal
REV-0627,Hyundai Tucson 2024,Deportivo,1.34,Muy baja
REV-0628,Nissan Frontier 2023,Compacto,3.74,Peligrosa
REV-0629,Chevrolet Aveo 2022,Sedán,1.84,Baja
REV-0630,Nissan Sentra 2024,Sedán,2.89,Alta
REV-0631,BMW Serie 3 2024,Compacto,2.22,Normal
REV-0633,Toyota Hilux 2024,Minivan,2.25,Normal
REV-0634,Jeep Wrangler 2022,Pickup,2.97,Alta
REV-0635,Ford Escape 2023,SUV,1.29,Muy baja
REV-0636,Chevrolet Aveo 2022,SUV,2.35,Normal
REV-0637,Mazda 3 2024,Sedán,2.57,Normal
REV-0638,Honda Civic 2022,Pickup,2.41,Normal
REV-0639,Ford Ranger 2023,Lujo,1.91,Baja
REV-0640,Jeep Wrangler 2022,Minivan,2.31,Normal
REV-0641,Mazda CX-5 2023,SUV,1.86,Baja
REV-0642,Ford Ranger 2023,Lujo,1.93,Baja
REV-0644,Mazda CX-5 2023,Compacto,3.47,Alta
REV-0645,Honda Civic 2022,Lujo,1.67,Baja
REV-0646,Audi A4 2024,Camioneta,2.49,Normal
REV-0647,Chevrolet Aveo 2022,Deportivo,1.69,Baja
REV-0648,Nissan Frontier 2023,Deportivo,2.73,Normal
REV-0649,Mazda 3 2024,Deportivo,3.60,Alta
REV-0650,Mazda 3 2024,Camioneta,2.54,Normal
REV-0651,Subaru Outback 2024,Sedán,2.22,Normal
REV-0653,Ford Escape 2023,Pickup,2.02,Baja
REV-0654,Mazda CX-5 2023,Deportivo,2.92,Alta
REV-0655,Audi A4 2024,Minivan,1.39,Muy baja
REV-0656,Ford Ranger 2023,Sedán,2.31,Normal
REV-0657,Honda CR-V 2023,Camioneta,2.61,Normal
REV-0659,VW Tiguan 2024,Compacto,3.67,Peligrosa
REV-0660,KIA Sportage 2023,Minivan,1.41,Muy baja
REV-0661,Hyundai Tucson 2024,SUV,3.24,Alta
REV-0662,Jeep Wrangler 2022,Compacto,3.04,Alta
REV-0663,Mazda CX-5 2023,Lujo,3.56,Alta
REV-0664,BMW Serie 3 2024,Compacto,1.46,Muy baja
REV-0665,Jeep Wrangler 2022,Deportivo,2.71,Normal
REV-0666,Toyota Hilux 2024,Lujo,2.19,Normal
REV-0667,Toyota Hilux 2024,Deportivo,1.78,Baja
REV-0668,Nissan Frontier 2023,Deportivo,1.32,Muy baja
REV-0669,Subaru Outback 2024,Camioneta,3.04,Alta
REV-0670,Ford Ranger 2023,Minivan,1.90,Baja
REV-0671,Ford Escape 2023,Camioneta,2.41,Normal
REV-0672,Toyota RAV4 2024,SUV,3.49,Alta
REV-0674,VW Tiguan 2024,SUV,3.20,Alta
REV-0675,Jeep Wrangler 2022,Lujo,1.91,Baja
REV-0676,Mercedes C300 2023,Lujo,1.34,Muy baja
REV-0677,Nissan Sentra 2024,Sedán,2.48,Normal
REV-0678,Chevrolet Silverado 2024,Deportivo,2.71,Normal
REV-0679,VW Tiguan 2024,SUV,2.06,Baja
REV-0680,Ford Escape 2023,Compacto,2.96,Alta
REV-0681,Subaru Outback 2024,Minivan,2.55,Normal
REV-0682,Honda Civic 2022,Pickup,1.44,Muy baja
REV-0683,VW Jetta 2023,Lujo,1.89,Baja
REV-0684,Toyota RAV4 2024,Compacto,1.81,Baja
REV-0685,Ford Escape 2023,Pickup,2.37,Normal
REV-0687,VW Tiguan 2024,SUV,3.05,Alta
REV-0688,BMW Serie 3 2024,Lujo,3.59,Alta
REV-0689,Mazda CX-5 2023,SUV,2.69,Normal
REV-0690,Honda CR-V 2023,Pickup,1.84,Baja
REV-0691,Mazda CX-5 2023,Pickup,3.76,Peligrosa
REV-0692,Audi A4 2024,Lujo,3.02,Alta
REV-0693,Jeep Wrangler 2022,Deportivo,1.27,Muy baja
REV-0695,Chevrolet Silverado 2024,Minivan,1.28,Muy baja
REV-0696,Chevrolet Aveo 2022,Sedán,2.73,Normal
REV-0697,Mazda 3 2024,Pickup,3.03,Alta
REV-0698,Nissan Sentra 2024,Compacto,1.75,Baja
REV-0699,Mazda CX-5 2023,SUV,3.15,Alta
REV-0700,Ford Ranger 2023,Compacto,2.10,Normal
REV-0701,Suzuki Vitara 2023,SUV,1.25,Muy baja
REV-0702,Mercedes C300 2023,Compacto,2.62,Normal
REV-0704,Toyota RAV4 2024,Compacto,1.89,Baja
REV-0705,KIA Sportage 2023,SUV,2.55,Normal
REV-0706,Chevrolet Aveo 2022,Pickup,1.35,Muy baja
REV-0707,BMW Serie 3 2024,Deportivo,2.57,Normal
REV-0708,Mazda CX-5 2023,SUV,1.45,Muy baja
REV-0709,Hyundai Tucson 2024,Camioneta,3.71,Peligrosa
REV-0710,Chevrolet Aveo 2022,Lujo,2.86,Alta
REV-0711,Toyota Corolla 2023,Camioneta,3.73,Peligrosa
REV-0712,Subaru Outback 2024,SUV,1.75,Baja
REV-0713,Mazda 3 2024,Compacto,1.32,Muy baja
REV-0715,Audi A4 2024,Camioneta,2.39,Normal
REV-0716,Honda Civic 2022,Minivan,3.38,Alta
REV-0717,Toyota RAV4 2024,Camioneta,1.32,Muy baja
REV-0718,Toyota Hilux 2024,Camioneta,2.53,Normal
REV-0719,VW Jetta 2023,Camioneta,2.86,Alta
REV-0720,Toyota RAV4 2024,Camioneta,3.01,Alta
REV-0721,Nissan Frontier 2023,Minivan,3.42,Alta
REV-0722,Ford Ranger 2023,SUV,1.38,Muy baja
REV-0723,Nissan Sentra 2024,Pickup,2.49,Normal
REV-0724,Jeep Wrangler 2022,Sedán,2.12,Normal
REV-0726,Subaru Outback 2024,Lujo,1.93,Baja
REV-0727,VW Jetta 2023,Lujo,2.76,Alta
REV-0728,Nissan Sentra 2024,Deportivo,1.36,Muy baja
REV-0729,Jeep Wrangler 2022,Camioneta,3.40,Alta
REV-0730,Toyota Hilux 2024,Lujo,2.53,Normal
REV-0731,Toyota RAV4 2024,Minivan,3.57,Alta
REV-0732,Mazda CX-5 2023,Camioneta,3.59,Alta
REV-0733,Ford Ranger 2023,Lujo,1.79,Baja
REV-0734,Ford Escape 2023,Sedán,2.01,Baja
REV-0735,BMW Serie 3 2024,Minivan,2.94,Alta
REV-0736,Honda CR-V 2023,Camioneta,2.40,Normal
REV-0737,Hyundai Tucson 2024,Sedán,1.76,Baja
REV-0738,Mercedes C300 2023,Camioneta,3.58,Alta
REV-0739,Nissan Frontier 2023,Pickup,2.81,Alta
REV-0740,RAM 1500 2023,Compacto,3.50,Alta
REV-0741,Subaru Outback 2024,Sedán,1.52,Baja
REV-0742,Hyundai Tucson 2024,Lujo,2.88,Alta
REV-0743,Honda CR-V 2023,SUV,2.09,Normal
REV-0744,Suzuki Vitara 2023,Compacto,3.23,Alta
REV-0745,RAM 1500 2023,Deportivo,1.24,Muy baja
REV-0746,Chevrolet Aveo 2022,Deportivo,3.36,Alta
REV-0747,KIA Sportage 2023,Compacto,3.50,Alta
REV-0748,Ford Escape 2023,SUV,2.98,Alta
REV-0749,Hyundai Tucson 2024,Camioneta,1.45,Muy baja
REV-0750,RAM 1500 2023,Camioneta,2.07,Normal
REV-0751,Jeep Wrangler 2022,Pickup,1.45,Muy baja
REV-0752,Audi A4 2024,Lujo,1.63,Baja
REV-0753,Subaru Outback 2024,Lujo,2.50,Normal
REV-0755,Nissan Sentra 2024,Lujo,2.14,Normal
REV-0757,Ford Ranger 2023,Pickup,2.07,Normal
REV-0758,Suzuki Vitara 2023,SUV,3.39,Alta
REV-0759,Toyota RAV4 2024,Lujo,3.60,Alta
REV-0760,Hyundai Tucson 2024,Minivan,2.79,Alta
REV-0761,Toyota Corolla 2023,Compacto,1.97,Baja
REV-0762,BMW Serie 3 2024,Pickup,1.28,Muy baja
REV-0763,Subaru Outback 2024,Minivan,1.28,Muy baja
REV-0764,Toyota Corolla 2023,Pickup,3.30,Alta
REV-0765,Toyota Corolla 2023,Pickup,2.20,Normal
REV-0766,Chevrolet Aveo 2022,Lujo,3.17,Alta
REV-0767,Suzuki Vitara 2023,Deportivo,3.42,Alta
REV-0768,Ford Ranger 2023,Compacto,3.71,Peligrosa
REV-0769,Audi A4 2024,Minivan,1.93,Baja
REV-0770,Honda Civic 2022,Compacto,2.34,Normal
REV-0771,RAM 1500 2023,Pickup,2.28,Normal
REV-0772,Mazda 3 2024,Camioneta,2.34,Normal
REV-0773,Honda CR-V 2023,Minivan,1.43,Muy baja
REV-0774,Jeep Wrangler 2022,Sedán,1.69,Baja
REV-0775,BMW Serie 3 2024,Camioneta,2.24,Normal
REV-0776,Subaru Outback 2024,Compacto,1.81,Baja
REV-0778,Honda CR-V 2023,Deportivo,2.99,Alta
REV-0779,Hyundai Tucson 2024,Pickup,3.57,Alta
REV-0780,Mazda 3 2024,Compacto,3.15,Alta
REV-0781,Toyota Corolla 2023,Camioneta,1.39,Muy baja
REV-0782,Jeep Wrangler 2022,Sedán,3.71,Peligrosa
REV-0783,Toyota RAV4 2024,Camioneta,3.74,Peligrosa
REV-0784,Chevrolet Silverado 2024,Camioneta,2.43,Normal
REV-0785,Toyota Hilux 2024,Minivan,3.54,Alta
REV-0786,BMW Serie 3 2024,Camioneta,3.67,Peligrosa
REV-0787,Mazda 3 2024,Camioneta,2.52,Normal
REV-0788,Suzuki Vitara 2023,Minivan,1.97,Baja
REV-0789,Ford Ranger 2023,SUV,2.06,Baja
REV-0790,Mazda 3 2024,Sedán,2.55,Normal
REV-0791,Mazda CX-5 2023,Minivan,1.59,Baja
REV-0792,Mazda CX-5 2023,Lujo,3.71,Peligrosa
REV-0793,RAM 1500 2023,Sedán,2.14,Normal
REV-0795,BMW Serie 3 2024,Pickup,1.39,Muy baja
REV-0797,Chevrolet Aveo 2022,Lujo,1.45,Muy baja
REV-0798,Honda Civic 2022,Lujo,3.11,Alta
REV-0799,Nissan Sentra 2024,Lujo,2.59,Normal
REV-0800,BMW Serie 3 2024,Compacto,3.37,Alta
REV-0801,VW Tiguan 2024,Deportivo,2.53,Normal
REV-0802,Ford Ranger 2023,Pickup,2.80,Alta
REV-0803,Ford Escape 2023,Pickup,3.59,Alta
REV-0804,Chevrolet Silverado 2024,Sedán,1.93,Baja
REV-0806,Subaru Outback 2024,Sedán,2.30,Normal
REV-0807,Ford Ranger 2023,Sedán,1.77,Baja
REV-0808,BMW Serie 3 2024,Lujo,1.39,Muy baja
REV-0809,Toyota Hilux 2024,Camioneta,2.58,Normal
REV-0810,BMW Serie 3 2024,Lujo,2.28,Normal
REV-0811,RAM 1500 2023,Lujo,1.88,Baja
REV-0812,Ford Escape 2023,Camioneta,3.00,Alta
REV-0813,KIA Sportage 2023,Compacto,2.15,Normal
REV-0814,BMW Serie 3 2024,Camioneta,3.76,Peligrosa
REV-0815,Ford Ranger 2023,SUV,2.78,Alta
REV-0816,Honda CR-V 2023,SUV,1.41,Muy baja
REV-0817,Honda CR-V 2023,Sedán,2.20,Normal
REV-0818,Toyota Corolla 2023,SUV,2.61,Normal
REV-0819,Chevrolet Silverado 2024,Minivan,3.72,Peligrosa
REV-0820,Ford Escape 2023,Pickup,2.66,Normal
REV-0821,Nissan Sentra 2024,Deportivo,1.37,Muy baja
REV-0822,BMW Serie 3 2024,Lujo,3.06,Alta
REV-0824,Jeep Wrangler 2022,Lujo,1.59,Baja
REV-0825,Honda CR-V 2023,Camioneta,2.29,Normal
REV-0826,Ford Ranger 2023,Sedán,2.93,Alta
REV-0827,Audi A4 2024,SUV,1.64,Baja
REV-0828,Hyundai Tucson 2024,Sedán,2.93,Alta
REV-0829,VW Jetta 2023,Camioneta,3.55,Alta
REV-0830,Honda CR-V 2023,Compacto,2.32,Normal
REV-0831,KIA Sportage 2023,Pickup,1.71,Baja
REV-0832,Chevrolet Silverado 2024,Lujo,3.10,Alta
REV-0833,Mazda 3 2024,Compacto,3.63,Peligrosa
REV-0834,Toyota RAV4 2024,Deportivo,3.30,Alta
REV-0835,Toyota RAV4 2024,Lujo,2.40,Normal
REV-0836,Chevrolet Silverado 2024,Deportivo,3.38,Alta
REV-0837,Mazda 3 2024,Lujo,1.50,Muy baja
REV-0838,Ford Ranger 2023,Pickup,2.93,Alta
REV-0839,VW Jetta 2023,Lujo,1.73,Baja
REV-0840,Honda Civic 2022,Pickup,1.65,Baja
REV-0841,Honda CR-V 2023,Camioneta,3.36,Alta
REV-0842,Mercedes C300 2023,Pickup,2.59,Normal
REV-0843,Mazda 3 2024,Minivan,1.47,Muy baja
REV-0844,Ford Escape 2023,Compacto,3.20,Alta
REV-0845,Hyundai Tucson 2024,Minivan,2.88,Alta
REV-0846,Honda CR-V 2023,Deportivo,1.81,Baja
REV-0847,Ford Escape 2023,Lujo,2.27,Normal
REV-0848,RAM 1500 2023,SUV,1.88,Baja
REV-0850,BMW Serie 3 2024,Sedán,2.33,Normal
REV-0851,Jeep Wrangler 2022,Sedán,1.88,Baja
REV-0852,Honda Civic 2022,Minivan,3.20,Alta
REV-0854,Mazda CX-5 2023,Lujo,1.74,Baja
REV-0855,Honda Civic 2022,Camioneta,1.84,Baja
REV-0856,Audi A4 2024,Lujo,2.61,Normal
REV-0858,BMW Serie 3 2024,SUV,3.54,Alta
REV-0860,Toyota RAV4 2024,Sedán,2.77,Alta
REV-0861,VW Jetta 2023,SUV,2.36,Normal
REV-0863,RAM 1500 2023,Pickup,1.84,Baja
REV-0864,Honda Civic 2022,SUV,1.48,Muy baja
REV-0865,Chevrolet Aveo 2022,Pickup,2.46,Normal
REV-0866,Mercedes C300 2023,Sedán,1.64,Baja
REV-0867,Chevrolet Aveo 2022,Compacto,2.36,Normal
REV-0868,VW Tiguan 2024,Minivan,3.10,Alta
REV-0870,Mazda 3 2024,Camioneta,2.91,Alta
REV-0871,Toyota Hilux 2024,SUV,2.78,Alta
REV-0872,Nissan Frontier 2023,Pickup,3.64,Peligrosa
REV-0874,RAM 1500 2023,Pickup,2.69,Normal
REV-0875,Hyundai Tucson 2024,SUV,2.39,Normal
REV-0876,Subaru Outback 2024,Sedán,3.76,Peligrosa
REV-0878,BMW Serie 3 2024,Minivan,2.91,Alta
REV-0879,Chevrolet Silverado 2024,Sedán,1.74,Baja
REV-0880,RAM 1500 2023,Camioneta,3.76,Peligrosa
REV-0881,Suzuki Vitara 2023,SUV,3.48,Alta
REV-0882,Jeep Wrangler 2022,Camioneta,3.20,Alta
REV-0883,Mazda CX-5 2023,Minivan,2.47,Normal
REV-0884,RAM 1500 2023,Minivan,2.16,Normal
REV-0885,VW Tiguan 2024,Sedán,1.36,Muy baja
REV-0886,Chevrolet Silverado 2024,Pickup,2.59,Normal
REV-0888,Ford Ranger 2023,Deportivo,1.35,Muy baja
REV-0889,KIA Sportage 2023,Lujo,3.77,Peligrosa
REV-0890,KIA Sportage 2023,Camioneta,2.85,Alta
REV-0891,Honda CR-V 2023,Sedán,2.12,Normal
REV-0892,Toyota RAV4 2024,Pickup,3.73,Peligrosa
REV-0893,Chevrolet Aveo 2022,Lujo,3.58,Alta
REV-0894,Audi A4 2024,Sedán,1.60,Baja
REV-0895,Honda CR-V 2023,Sedán,3.51,Alta
REV-0896,VW Jetta 2023,Sedán,1.41,Muy baja
REV-0898,Honda CR-V 2023,Pickup,3.65,Peligrosa
REV-0899,Suzuki Vitara 2023,Deportivo,3.71,Peligrosa
REV-0900,Chevrolet Silverado 2024,Camioneta,1.21,Muy baja
REV-0903,Jeep Wrangler 2022,Deportivo,3.63,Peligrosa
REV-0904,KIA Sportage 2023,Deportivo,2.78,Alta
REV-0905,Nissan Sentra 2024,Sedán,2.03,Baja
REV-0906,Toyota RAV4 2024,Sedán,3.36,Alta
REV-0907,Toyota Corolla 2023,Camioneta,2.85,Alta
REV-0909,Honda CR-V 2023,Lujo,2.25,Normal
REV-0910,VW Tiguan 2024,Lujo,1.32,Muy baja
REV-0911,Honda Civic 2022,Sedán,3.22,Alta
REV-0912,Subaru Outback 2024,Camioneta,1.59,Baja
REV-0913,VW Tiguan 2024,Sedán,1.71,Baja
REV-0914,KIA Sportage 2023,SUV,3.07,Alta
REV-0915,Mercedes C300 2023,Pickup,3.76,Peligrosa
REV-0916,Toyota RAV4 2024,SUV,3.54,Alta
REV-0917,Ford Escape 2023,Lujo,3.27,Alta
REV-0918,Subaru Outback 2024,Minivan,3.33,Alta
REV-0919,Subaru Outback 2024,Pickup,3.31,Alta
REV-0920,Nissan Sentra 2024,Minivan,3.32,Alta
REV-0921,VW Jetta 2023,Camioneta,2.21,Normal
REV-0922,RAM 1500 2023,Camioneta,2.19,Normal
REV-0923,Ford Escape 2023,SUV,3.27,Alta
REV-0924,KIA Sportage 2023,Sedán,3.72,Peligrosa
REV-0926,Toyota Corolla 2023,Compacto,1.65,Baja
REV-0928,BMW Serie 3 2024,Deportivo,1.54,Baja
REV-0930,RAM 1500 2023,SUV,1.48,Muy baja
REV-0932,Hyundai Tucson 2024,Sedán,1.98,Baja
REV-0933,Toyota Corolla 2023,Lujo,1.70,Baja
REV-0934,BMW Serie 3 2024,Lujo,2.77,Alta
REV-0935,RAM 1500 2023,Minivan,3.41,Alta
REV-0936,Mercedes C300 2023,Deportivo,2.26,Normal
REV-0937,Chevrolet Aveo 2022,Deportivo,1.77,Baja
REV-0938,Chevrolet Aveo 2022,Camioneta,2.08,Normal
REV-0940,Mercedes C300 2023,Compacto,1.63,Baja
REV-0941,Hyundai Tucson 2024,Deportivo,3.78,Peligrosa
REV-0942,Mazda CX-5 2023,Deportivo,3.78,Peligrosa
REV-0943,Toyota RAV4 2024,Camioneta,2.02,Baja
REV-0945,Toyota RAV4 2024,Pickup,2.17,Normal
REV-0946,KIA Sportage 2023,Pickup,1.58,Baja
REV-0947,KIA Sportage 2023,Compacto,3.28,Alta
REV-0948,Mercedes C300 2023,Minivan,3.68,Peligrosa
REV-0949,Toyota Hilux 2024,Camioneta,3.54,Alta
REV-0950,Mazda CX-5 2023,Compacto,3.09,Alta
REV-0951,Nissan Sentra 2024,Minivan,1.37,Muy baja
REV-0952,Hyundai Tucson 2024,Camioneta,1.40,Muy baja
REV-0953,Nissan Frontier 2023,Compacto,1.41,Muy baja
REV-0954,VW Tiguan 2024,Camioneta,2.27,Normal
REV-0955,Jeep Wrangler 2022,Lujo,1.27,Muy baja
REV-0956,Ford Escape 2023,Pickup,2.36,Normal
REV-0957,Chevrolet Silverado 2024,SUV,1.82,Baja
REV-0958,VW Jetta 2023,Lujo,2.65,Normal
REV-0959,Toyota Hilux 2024,Camioneta,3.45,Alta
REV-0961,Mazda CX-5 2023,Sedán,3.15,Alta
REV-0962,Mercedes C300 2023,Compacto,2.10,Normal
REV-0963,Hyundai Tucson 2024,Minivan,1.44,Muy baja
REV-0964,Honda CR-V 2023,Camioneta,1.40,Muy baja
REV-0965,KIA Sportage 2023,Compacto,1.71,Baja
REV-0967,Mazda CX-5 2023,SUV,3.78,Peligrosa
REV-0968,Subaru Outback 2024,Camioneta,1.73,Baja
REV-0969,Toyota Corolla 2023,Camioneta,1.66,Baja
REV-0970,Jeep Wrangler 2022,Pickup,2.78,Alta
REV-0971,Chevrolet Silverado 2024,Deportivo,1.99,Baja
REV-0972,BMW Serie 3 2024,Pickup,2.59,Normal
REV-0973,VW Tiguan 2024,Camioneta,1.66,Baja
REV-0974,Jeep Wrangler 2022,Camioneta,2.44,Normal
REV-0975,Mercedes C300 2023,Compacto,1.82,Baja
REV-0976,Honda CR-V 2023,Minivan,3.71,Peligrosa
REV-0977,Chevrolet Silverado 2024,Lujo,3.61,Alta
REV-0979,Ford Ranger 2023,Deportivo,2.34,Normal
REV-0981,Suzuki Vitara 2023,Deportivo,2.92,Alta
REV-0982,Suzuki Vitara 2023,SUV,1.35,Muy baja
REV-0984,Chevrolet Silverado 2024,Pickup,2.00,Baja
REV-0985,Honda CR-V 2023,Pickup,3.80,Peligrosa
REV-0986,Audi A4 2024,Compacto,1.51,Muy baja
REV-0987,Toyota Hilux 2024,Deportivo,1.87,Baja
REV-0988,Chevrolet Aveo 2022,Camioneta,2.41,Normal
REV-0989,Mazda CX-5 2023,Pickup,2.65,Normal
REV-0990,Mazda CX-5 2023,Minivan,1.72,Baja
REV-0991,Audi A4 2024,Compacto,2.64,Normal
REV-0992,Ford Escape 2023,Camioneta,1.95,Baja
REV-0993,Mazda CX-5 2023,Lujo,2.26,Normal
REV-0994,Jeep Wrangler 2022,Minivan,3.54,Alta
REV-0995,RAM 1500 2023,Camioneta,3.11,Alta
REV-0996,Subaru Outback 2024,Lujo,2.91,Alta
REV-0997,Mazda CX-5 2023,SUV,1.33,Muy baja
REV-0998,Chevrolet Silverado 2024,Sedán,1.73,Baja
REV-0999,Ford Ranger 2023,Compacto,3.72,Peligrosa
REV-1000,Toyota Corolla 2023,Camioneta,2.06,Baja
